datetime,postcards_received
2026-05-16 07:54:00 UTC,86849238
2026-05-16 20:56:00 UTC,86958462
2026-05-17 06:16:00 UTC,87016208
2026-05-17 20:21:00 UTC,87134728
2026-05-18 06:22:00 UTC,87225243
2026-05-18 21:32:00 UTC,87325893
2026-05-19 07:22:00 UTC,87446011
2026-05-19 20:07:00 UTC,87561518
2026-05-20 06:59:00 UTC,87607221
2026-05-20 21:11:00 UTC,87716022
2026-05-21 07:36:00 UTC,87847440
2026-05-21 20:37:00 UTC,87949097
2026-05-22 07:31:00 UTC,88043158
2026-05-22 21:25:00 UTC,88161357
2026-05-23 06:37:00 UTC,88244918
2026-05-23 21:07:00 UTC,88338329
2026-05-24 07:14:00 UTC,88401463
2026-05-24 21:26:00 UTC,88507768
2026-05-25 06:53:00 UTC,88638504
2026-05-25 20:49:00 UTC,88746387
2026-05-26 06:50:00 UTC,88840909
2026-05-26 20:46:00 UTC,88926166
2026-05-27 07:19:00 UTC,89040108
2026-05-27 20:47:00 UTC,89140973
2026-05-28 07:32:00 UTC,89243811
2026-05-28 21:50:00 UTC,89337384
2026-05-29 07:29:00 UTC,89433273
2026-05-29 20:54:00 UTC,89515094
2026-05-30 06:49:00 UTC,89637649
2026-05-30 20:47:00 UTC,89729252
2026-05-31 06:11:00 UTC,89813990
2026-05-31 21:10:00 UTC,89898569
2026-06-01 06:50:00 UTC,90047255
2026-06-01 21:17:00 UTC,90152958
2026-06-02 07:37:00 UTC,90219764
2026-06-02 20:47:00 UTC,90310180
2026-06-03 07:11:00 UTC,90444121
2026-06-03 21:45:00 UTC,90550258
2026-06-04 06:53:00 UTC,90631227
2026-06-04 20:24:00 UTC,90713443
2026-06-05 07:33:00 UTC,90803747
2026-06-05 20:27:00 UTC,90918959
2026-06-06 06:51:00 UTC,91012346
2026-06-06 20:46:00 UTC,91129496
2026-06-07 06:05:00 UTC,91209919
2026-06-07 20:25:00 UTC,91290017
2026-06-08 06:43:00 UTC,91401307
2026-06-08 20:06:00 UTC,91489870
2026-06-09 07:39:00 UTC,91645121
2026-06-09 20:32:00 UTC,91745475
2026-06-10 07:47:00 UTC,91847030
2026-06-10 21:29:00 UTC,91938950
2026-06-11 06:56:00 UTC,92028216
2026-06-11 20:21:00 UTC,92116393
2026-06-12 07:10:00 UTC,92219989
2026-06-12 21:45:00 UTC,92315861
2026-06-13 06:42:00 UTC,92421698
2026-06-13 21:16:00 UTC,92531487
2026-06-14 07:55:00 UTC,92643806
2026-06-14 20:36:00 UTC,92750019
