datetime,postcards_received
2019-09-01 23:15:00,53518665
2019-09-02 01:22:00,53519149
2019-09-02 10:18:00,53521086
2019-09-02 15:27:00,53524581
2019-09-02 19:40:00,53528325
2019-09-03 00:40:00,53531710
2019-09-03 11:19:00,53534624
2019-09-03 14:34:00,53536999
2019-09-03 18:11:00,53540618
2019-09-03 20:31:00,53543150
2019-09-03 23:26:00,53545887
2019-09-04 11:05:00,53551094
2019-09-04 13:25:00,53552756
2019-09-04 17:49:00,53557296
2019-09-04 19:43:00,53559242
2019-09-04 23:44:00,53562989
2019-09-05 10:47:00,53566749
2019-09-05 14:16:00,53568843
2019-09-05 17:32:00,53571715
2019-09-06 00:18:00,53577456
2019-09-06 02:08:00,53578007
2019-09-06 09:33:00,53580206
2019-09-06 12:15:00,53581821
2019-09-06 20:49:00,53588613
2019-09-06 22:28:00,53589789
2019-09-07 11:21:00,53594846
2019-09-07 14:03:00,53596669
2019-09-07 16:48:00,53598635
2019-09-07 18:53:00,53600145
2019-09-07 23:49:00,53602857
2019-09-08 10:49:00,53605967
2019-09-08 14:03:00,53607521
2019-09-08 18:09:00,53609524
2019-09-09 00:01:00,53612278
2019-09-09 12:04:00,53615233
2019-09-09 15:17:00,53617140
2019-09-09 17:08:00,53618607
2019-09-09 20:30:00,53621705
2019-09-09 23:14:00,53623749
2019-09-10 08:48:00,53627690
2019-09-10 12:43:00,53629611
2019-09-10 20:41:00,53636868
2019-09-11 00:34:00,53640041
2019-09-11 09:48:00,53643405
2019-09-11 13:19:00,53645448
2019-09-11 19:02:00,53651266
2019-09-11 21:33:00,53654146
2019-09-12 09:07:00,53658915
2019-09-12 13:23:00,53661494
2019-09-12 22:04:00,53669145
2019-09-13 11:12:00,53674438
2019-09-13 15:07:00,53677020
2019-09-13 19:48:00,53681244
2019-09-13 23:01:00,53683766
2019-09-14 01:35:00,53684870
2019-09-14 21:31:00,53695315
2019-09-15 11:20:00,53699906
2019-09-15 17:11:00,53702918
2019-09-15 19:29:00,53704087
2019-09-15 22:39:00,53705543
2019-09-16 11:59:00,53709224
2019-09-16 15:43:00,53711628
2019-09-16 19:24:00,53714908
2019-09-16 23:41:00,53718397
2019-09-17 01:18:00,53719239
2019-09-17 02:34:00,53719716
2019-09-17 11:42:00,53723401
2019-09-17 14:46:00,53725628
2019-09-17 15:53:00,53726652
2019-09-17 17:20:00,53728054
2019-09-17 20:03:00,53730962
2019-09-17 22:11:00,53733180
2019-09-18 01:40:00,53735236
2019-09-18 10:19:00,53738217
2019-09-18 12:53:00,53739735
2019-09-18 15:39:00,53741960
2019-09-18 20:29:00,53747253
2019-09-18 23:35:00,53750223
2019-09-19 02:44:00,53751402
2019-09-19 11:16:00,53754268
2019-09-19 18:02:00,53759527
2019-09-19 20:43:00,53762329
2019-09-20 00:24:00,53765197
2019-09-20 10:08:00,53768256
2019-09-20 16:07:00,53772393
2019-09-20 18:05:00,53774134
2019-09-20 20:56:00,53776745
2019-09-20 22:54:00,53778154
2019-09-21 01:15:00,53779318
2019-09-21 06:18:00,53780748
2019-09-21 10:04:00,53781966
2019-09-21 15:29:00,53785519
2019-09-21 19:58:00,53789300
2019-09-21 22:35:00,53790984
2019-09-22 11:51:00,53795292
2019-09-22 15:57:00,53797446
2019-09-22 21:46:00,53800467
2019-09-23 00:30:00,53801434
2019-09-23 01:56:00,53801619
2019-09-23 10:41:00,53803723
2019-09-23 17:13:00,53808374
2019-09-23 22:19:00,53813273
2019-09-24 01:45:00,53815187
2019-09-24 11:10:00,53819062
2019-09-24 17:40:00,53824582
2019-09-24 21:56:00,53829399
2019-09-25 10:40:00,53835167
2019-09-25 22:05:00,53845879
2019-09-26 10:34:00,53851229
2019-09-26 13:52:00,53853270
2019-09-26 23:55:00,53862624
2019-09-27 11:25:00,53866825
2019-09-27 18:50:00,53872467
2019-09-28 02:10:00,53876973
2019-09-28 11:36:00,53880186
2019-09-28 15:39:00,53882992
2019-09-28 21:31:00,53887176
2019-09-29 00:15:00,53888403
2019-09-29 05:26:00,53889717
2019-09-29 10:49:00,53890997
2019-09-29 14:13:00,53892707
2019-09-29 17:06:00,53894171
2019-09-29 23:27:00,53897409
2019-09-30 02:29:00,53897994
2019-09-30 11:25:00,53900285
2019-09-30 15:57:00,53903324
2019-09-30 20:45:00,53908007
2019-10-01 01:00:00,53911237
2019-10-01 09:32:00,53914417
2019-10-01 22:18:00,53925525
2019-10-02 09:17:00,53929854
2019-10-02 17:11:00,53935922
2019-10-03 01:31:00,53943123
2019-10-03 13:28:00,53947418
2019-10-03 21:20:00,53953388
2019-10-04 10:21:00,53958242
2019-10-04 15:51:00,53961819
2019-10-04 22:09:00,53967257
2019-10-05 10:08:00,53971477
2019-10-05 17:52:00,53977002
2019-10-06 15:20:00,53986030
2019-10-07 09:28:00,53992098
2019-10-07 15:15:00,53995511
2019-10-07 22:59:00,54002211
2019-10-09 12:42:00,54023188
2019-10-09 21:47:00,54032140
2019-10-10 17:53:00,54042646
2019-10-12 15:05:00,54068081
2019-10-14 16:25:00,54089222
2019-10-16 19:28:00,54123812
2019-10-18 16:38:00,54151860
2019-10-22 01:19:00,54197966
2019-10-25 21:25:00,54262549
2019-10-28 13:14:00,54291855
2019-10-31 01:10:00,54334601
2019-11-01 19:12:00,54359770
2019-11-04 19:57:00,54394342
2019-11-08 10:40:00,54450185
2019-11-14 12:17:00,54533873
2019-11-17 19:10:00,54577941
2019-11-27 23:57:00,54718918
2019-12-01 17:34:00,54766226
2019-12-03 22:15:00,54796793
2019-12-06 18:01:00,54837817
2019-12-10 03:46:00,54879016
2019-12-10 19:00:00,54887604
2019-12-11 19:41:00,54904289
2019-12-12 18:35:00,54919237
2019-12-13 17:58:00,54933302
2019-12-14 04:38:00,54940361
2019-12-14 17:00:00,54946698
2019-12-14 23:11:00,54951183
2019-12-15 14:00:00,54956061
2019-12-16 01:39:00,54961579
2019-12-16 10:32:00,54963479
2019-12-16 17:03:00,54967210
2019-12-17 00:05:00,54973103
2019-12-17 10:02:00,54976757
2019-12-17 14:55:00,54979683
2019-12-17 15:36:00,54980235
2019-12-17 18:25:00,54982939
2019-12-17 23:20:00,54988030
2019-12-18 09:04:00,54991816
2019-12-18 10:21:00,54992365
2019-12-18 11:47:00,54993021
2019-12-18 19:21:00,54999334
2019-12-21 12:41:00,55036654
2019-12-23 00:15:00,55052562
2019-12-24 14:19:00,55069706
2019-12-27 23:31:00,55102602
2019-12-28 13:41:00,55106901
2020-01-02 01:49:00,55158126
2020-01-03 03:25:00,55169753
2020-01-04 15:25:00,55191062
2020-01-04 18:39:00,55194714
2020-01-05 00:47:00,55200042
2020-01-05 14:25:00,55204226
2020-01-08 21:43:00,55253151
2020-01-10 13:07:00,55278838
2020-01-11 23:35:00,55304718
2020-01-14 12:27:00,55334930
2020-01-15 20:48:00,55360209
2020-01-18 12:21:00,55398108
2020-01-21 16:09:00,55436358
2020-01-25 13:06:00,55497027
2020-01-26 23:53:00,55514488
2020-01-30 01:32:00,55558403
2020-01-30 14:44:00,55563636
2020-01-31 11:33:00,55576584
2020-01-31 23:18:00,55587018
2020-02-02 17:17:00,55606629
2020-02-03 09:10:00,55611745
2020-02-04 12:03:00,55626440
2020-02-05 00:47:00,55638331
2020-02-06 13:53:00,55659727
2020-02-07 18:24:00,55680023
2020-02-08 11:20:00,55689467
2020-02-10 13:17:00,55713503
2020-02-11 11:05:00,55728168
2020-02-12 11:56:00,55746320
2020-02-12 21:06:00,55756067
2020-02-13 14:16:00,55765841
2020-02-13 22:45:00,55774767
2020-02-14 10:44:00,55780196
2020-02-14 16:49:00,55784764
2020-02-14 22:54:00,55790579
2020-02-15 08:06:00,55794280
2020-02-15 13:41:00,55797790
2020-02-15 19:41:00,55803275
2020-02-16 11:15:00,55809506
2020-02-16 15:44:00,55812112
2020-02-16 23:29:00,55816758
2020-02-17 08:58:00,55818886
2020-02-17 16:43:00,55823911
2020-02-18 00:25:00,55831644
2020-02-18 11:28:00,55835162
2020-02-18 15:59:00,55838706
2020-02-18 23:12:00,55847489
2020-02-19 10:52:00,55853700
2020-02-19 15:42:00,55857571
2020-02-19 21:02:00,55863874
2020-02-19 23:16:00,55866681
2020-02-20 11:59:00,55872428
2020-02-20 16:15:00,55875922
2020-02-20 21:27:00,55881784
2020-02-21 01:25:00,55885262
2020-02-21 10:14:00,55888140
2020-02-21 14:04:00,55890770
2020-02-21 20:24:00,55897021
2020-02-22 00:03:00,55900295
2020-02-22 04:58:00,55902282
2020-02-22 11:12:00,55904488
2020-02-22 16:00:00,55908573
2020-02-23 01:13:00,55916031
2020-02-23 11:56:00,55919208
2020-02-23 17:19:00,55922172
2020-02-24 01:39:00,55926030
2020-02-24 07:15:00,55927134
2020-02-24 12:40:00,55929074
2020-02-24 18:46:00,55933881
2020-02-24 23:11:00,55938069
2020-02-25 09:28:00,55942827
2020-02-25 16:16:00,55947929
2020-02-26 00:15:00,55957444
2020-02-26 09:20:00,55961336
2020-02-26 17:32:00,55967911
2020-02-26 23:43:00,55975419
2020-02-27 07:36:00,55978495
2020-02-27 15:22:00,55983694
2020-02-27 19:36:00,55988288
2020-02-28 00:45:00,55993253
2020-02-28 10:30:00,55996979
2020-03-02 22:19:57,56048848
2020-03-03 11:05:31,56054816
2020-03-03 21:02:36,56065791
2020-03-04 08:49:30,56070436
2020-03-04 15:38:09,56076466
2020-03-04 20:49:06,56082365
2020-03-05 05:55:47,56085420
2020-03-05 14:23:34,56091069
2020-03-05 21:40:11,56098606
2020-03-06 07:42:46,56101885
2020-03-06 14:25:23,56106821
2020-03-06 23:28:49,56113930
2020-03-07 08:27:10,56116528
2020-03-07 17:41:30,56123760
2020-03-07 22:56:31,56126942
2020-03-08 07:53:18,56129294
2020-03-08 15:25:31,56132957
2020-03-08 20:23:54,56135126
2020-03-09 04:11:34,56136927
2020-03-09 16:07:17,56143788
2020-03-09 21:29:39,56148484
2020-03-10 07:06:10,56151827
2020-03-10 14:43:11,56157345
2020-03-10 22:26:33,56164785
2020-03-11 07:32:04,56167806
2020-03-11 15:31:42,56174817
2020-03-11 23:03:11,56182348
2020-03-12 07:38:11,56184886
2020-03-12 14:54:40,56190724
2020-03-12 20:58:14,56196932
2020-03-13 07:37:25,56200864
2020-03-13 14:49:06,56206637
2020-03-13 22:34:47,56212764
2020-03-14 08:39:27,56215910
2020-03-14 22:16:20,56226670
2020-03-15 06:07:43,56228221
2020-03-15 15:28:38,56233083
2020-03-15 23:31:08,56235978
2020-03-16 08:13:24,56237825
2020-03-16 20:36:53,56247121
2020-03-17 05:06:32,56250036
2020-03-17 14:46:55,56256126
2020-03-17 21:42:35,56262621
2020-03-18 05:24:18,56264801
2020-03-18 13:21:41,56269407
2020-03-18 21:46:53,56277261
2020-03-19 06:07:34,56279449
2020-03-19 16:23:05,56286706
2020-03-19 22:24:02,56291207
2020-03-20 05:50:29,56293184
2020-03-20 13:22:02,56297532
2020-03-20 21:12:30,56303557
2020-03-21 06:52:18,56305848
2020-03-21 16:12:04,56311840
2020-03-21 22:32:40,56315111
2020-03-22 07:30:06,56316955
2020-03-22 15:11:36,56320373
2020-03-22 23:46:00,56322799
2020-03-23 07:11:46,56324192
2020-03-23 14:07:42,56328181
2020-03-23 22:10:24,56333133
2020-03-24 06:45:13,56335410
2020-03-24 15:45:56,56340893
2020-03-24 22:00:58,56344969
2020-03-25 06:26:56,56346909
2020-03-25 15:50:03,56352500
2020-03-25 22:15:27,56356618
2020-03-26 07:05:47,56358294
2020-03-26 14:30:46,56362300
2020-03-26 21:46:00,56366773
2020-03-27 07:01:05,56368792
2020-03-27 14:44:02,56372773
2020-03-27 22:03:09,56376447
2020-03-28 08:21:39,56378354
2020-03-28 16:26:19,56382400
2020-03-28 23:05:15,56384980
2020-03-29 08:13:41,56386586
2020-03-29 16:31:41,56389416
2020-03-29 23:50:10,56390551
2020-03-30 08:29:26,56391874
2020-03-30 15:49:24,56395411
2020-03-30 21:59:20,56397774
2020-03-31 09:06:16,56400087
2020-03-31 14:43:03,56403559
2020-03-31 22:06:18,56407506
2020-04-01 07:05:17,56408955
2020-04-01 16:03:36,56413829
2020-04-01 22:01:02,56416539
2020-04-02 08:06:59,56418338
2020-04-02 17:09:41,56423451
2020-04-02 23:43:12,56425789
2020-04-03 05:26:15,56426641
2020-04-03 14:23:57,56430458
2020-04-03 21:21:14,56434119
2020-04-04 07:46:44,56435667
2020-04-04 14:42:29,56439050
2020-04-04 22:00:27,56441871
2020-04-05 07:53:41,56443358
2020-04-05 15:07:06,56445473
2020-04-05 21:56:55,56446997
2020-04-06 07:08:57,56447812
2020-04-06 14:43:29,56451021
2020-04-06 21:59:20,56454066
2020-04-07 06:51:50,56455423
2020-04-07 14:30:23,56458694
2020-04-07 21:25:04,56462091
2020-04-08 06:19:19,56463319
2020-04-08 16:02:07,56468270
2020-04-08 22:43:32,56471060
2020-04-09 07:36:28,56472315
2020-04-09 14:59:54,56476115
2020-04-09 21:40:32,56479228
2020-04-10 07:42:53,56480794
2020-04-10 16:03:05,56483696
2020-04-10 22:56:31,56485513
2020-04-11 09:44:29,56487172
2020-04-11 15:04:01,56489483
2020-04-11 22:45:00,56491907
2020-04-12 06:58:39,56492771
2020-04-12 16:45:47,56494732
2020-04-12 22:36:31,56495477
2020-04-13 07:46:52,56496475
2020-04-13 15:59:02,56498842
2020-04-13 21:25:48,56500228
2020-04-14 08:09:37,56502280
2020-04-14 16:14:39,56507073
2020-04-14 22:21:13,56509789
2020-04-15 06:15:18,56511175
2020-04-15 14:27:07,56515778
2020-04-15 22:03:40,56520449
2020-04-16 08:43:03,56522441
2020-04-16 16:31:38,56528121
2020-04-17 00:14:26,56531622
2020-04-17 08:28:28,56533578
2020-04-17 17:29:14,56539423
2020-04-17 23:31:24,56541683
2020-04-18 08:42:05,56543481
2020-04-18 15:08:39,56547486
2020-04-18 23:01:40,56550518
2020-04-19 08:50:07,56552272
2020-04-19 16:14:09,56554421
2020-04-19 22:49:31,56555787
2020-04-20 09:01:46,56557440
2020-04-20 18:54:33,56562902
2020-04-20 23:13:52,56564176
2020-04-21 08:23:12,56566107
2020-04-21 14:28:04,56569910
2020-04-22 00:06:27,56574834
2020-04-22 08:37:08,56576718
2020-04-22 16:23:05,56581736
2020-04-22 23:01:26,56584683
2020-04-23 09:07:36,56586895
2020-04-23 15:16:22,56590805
2020-04-23 23:22:59,56594527
2020-04-24 07:55:33,56596359
2020-04-24 14:59:53,56600289
2020-04-24 22:23:09,56603852
2020-04-25 06:55:18,56605434
2020-04-25 14:56:55,56609734
2020-04-25 23:20:29,56613103
2020-04-26 09:11:59,56615025
2020-04-26 16:21:24,56617214
2020-04-26 22:35:26,56618331
2020-04-27 09:54:01,56620523
2020-04-27 17:00:45,56624924
2020-04-27 23:28:26,56627444
2020-04-28 07:30:21,56628901
2020-04-28 14:52:14,56633042
2020-04-28 22:40:06,56636996
2020-04-29 07:06:57,56638302
2020-04-29 15:12:56,56643398
2020-04-29 23:14:58,56647401
2020-04-30 08:16:53,56649140
2020-04-30 15:28:04,56653823
2020-04-30 22:04:56,56657305
2020-05-01 08:34:53,56659461
2020-05-01 15:54:21,56662211
2020-05-01 21:07:02,56663856
2020-05-02 07:25:55,56665297
2020-05-02 15:30:21,56669102
2020-05-02 22:33:38,56670799
2020-05-03 08:24:47,56672378
2020-05-03 15:43:35,56674558
2020-05-03 22:06:49,56675805
2020-05-04 08:26:24,56676983
2020-05-04 15:04:13,56680640
2020-05-04 22:28:13,56684187
2020-05-05 08:13:56,56685940
2020-05-05 16:03:02,56690257
2020-05-05 21:43:56,56693439
2020-05-06 07:28:32,56695285
2020-05-06 15:42:46,56700562
2020-05-06 21:58:47,56704319
2020-05-07 07:43:27,56706173
2020-05-07 15:00:56,56710717
2020-05-07 21:47:51,56715266
2020-05-08 07:39:14,56717277
2020-05-08 15:34:21,56721898
2020-05-08 21:18:44,56725131
2020-05-09 03:42:46,56726109
2020-05-09 13:49:30,56730296
2020-05-10 00:03:03,56734404
2020-05-10 08:43:35,56736091
2020-05-10 15:28:00,56738341
2020-05-10 23:49:13,56739991
2020-05-11 16:29:18,56746506
2020-05-11 21:58:17,56749293
2020-05-12 05:06:37,56750598
2020-05-12 14:10:42,56755360
2020-05-12 22:02:38,56761000
2020-05-13 09:11:32,56763808
2020-05-13 15:00:50,56768197
2020-05-13 22:48:33,56773080
2020-05-14 06:39:11,56774527
2020-05-14 15:12:05,56779885
2020-05-14 23:17:38,56784744
2020-05-15 06:23:20,56786154
2020-05-15 14:03:43,56790547
2020-05-15 21:39:17,56795239
2020-05-16 07:21:27,56797062
2020-05-16 15:26:06,56801683
2020-05-16 22:24:33,56804403
2020-05-17 07:34:23,56805724
2020-05-17 15:36:17,56808260
2020-05-17 23:01:35,56809922
2020-05-18 08:55:51,56811476
2020-05-18 14:54:26,56814937
2020-05-18 22:45:16,56818994
2020-05-19 06:54:08,56820531
2020-05-19 15:15:31,56825519
2020-05-19 22:44:59,56830274
2020-05-20 08:37:24,56832380
2020-05-20 15:11:38,56837308
2020-05-20 22:08:26,56841835
2020-05-21 08:38:13,56844008
2020-05-21 16:16:47,56847555
2020-05-21 22:03:59,56849740
2020-05-22 08:48:42,56851881
2020-05-22 16:08:29,56856932
2020-05-22 21:40:43,56860243
2020-05-23 06:56:51,56862132
2020-05-23 16:52:12,56868684
2020-05-23 22:19:32,56871218
2020-05-24 06:29:16,56872570
2020-05-24 14:36:18,56875450
2020-05-24 21:55:14,56877521
2020-05-25 06:48:14,56878497
2020-05-25 15:20:13,56882888
2020-05-25 23:03:09,56886696
2020-05-26 06:55:57,56887784
2020-05-26 15:33:58,56892762
2020-05-26 22:16:39,56897373
2020-05-27 07:52:07,56899984
2020-05-27 14:13:45,56904157
2020-05-27 22:12:09,56909780
2020-05-28 06:42:50,56911319
2020-05-28 14:14:16,56915675
2020-05-28 21:14:14,56920782
2020-05-29 07:05:44,56922699
2020-05-29 14:04:48,56926748
2020-05-29 21:20:48,56931268
2020-05-30 07:02:45,56933265
2020-05-30 14:15:44,56936936
2020-05-30 21:52:39,56940813
2020-05-31 07:45:45,56942530
2020-05-31 14:27:53,56944972
2020-05-31 21:56:29,56947277
2020-06-01 08:12:31,56948641
2020-06-01 14:52:06,56951441
2020-06-01 21:36:40,56954458
2020-06-02 06:00:17,56956297
2020-06-02 13:16:07,56959831
2020-06-02 21:40:31,56965103
2020-06-03 08:07:46,56967431
2020-06-03 14:42:40,56971978
2020-06-03 23:14:56,56977914
2020-06-04 05:55:52,56979160
2020-06-04 13:31:30,56983524
2020-06-04 21:39:19,56989882
2020-06-05 06:18:02,56991650
2020-06-05 14:27:22,56996435
2020-06-05 19:15:03,57000000
2020-06-07 16:05:01,57015671
2020-06-07 22:38:42,57017328
2020-06-08 06:47:08,57018385
2020-06-08 13:52:59,57021942
2020-06-08 21:42:00,57026791
2020-06-09 04:44:38,57028568
2020-06-09 14:33:05,57033021
2020-06-09 22:27:50,57037822
2020-06-10 04:56:39,57039068
2020-06-10 13:38:58,57043456
2020-06-10 21:26:47,57048986
2020-06-11 05:00:26,57050358
2020-06-11 13:33:40,57054485
2020-06-11 20:35:08,57059064
2020-06-12 04:58:27,57061062
2020-06-12 15:53:47,57066365
2020-06-12 23:34:15,57070497
2020-06-13 07:54:58,57072337
2020-06-13 16:35:44,57078174
2020-06-13 22:04:19,57080974
2020-06-14 07:19:45,57082652
2020-06-14 15:51:18,57086020
2020-06-14 20:38:52,57087610
2020-06-15 05:37:57,57088948
2020-06-15 13:43:40,57093269
2020-06-15 22:55:24,57099621
2020-06-16 06:29:36,57101378
2020-06-16 15:03:17,57107321
2020-06-16 21:43:01,57112744
2020-06-17 06:31:00,57114949
2020-06-17 18:34:49,57124376
2020-06-17 22:09:38,57126532
2020-06-18 05:21:28,57127929
2020-06-18 14:09:27,57132728
2020-06-18 20:38:40,57137936
2020-06-19 07:21:28,57140884
2020-06-19 15:19:11,57145943
2020-06-19 21:41:28,57149722
2020-06-20 06:15:08,57151610
2020-06-20 15:23:10,57157255
2020-06-20 22:16:35,57160594
2020-06-21 06:53:26,57162144
2020-06-21 14:20:09,57164768
2020-06-21 21:40:55,57167038
2020-06-22 07:09:08,57168509
2020-06-22 14:07:15,57173032
2020-06-22 22:05:35,57179123
2020-06-23 06:10:45,57181434
2020-06-23 14:15:55,57186475
2020-06-23 21:36:16,57193027
2020-06-24 05:44:29,57194994
2020-06-24 23:12:47,57208246
2020-06-25 07:17:45,57210170
2020-06-25 13:47:35,57214795
2020-06-25 22:04:49,57221403
2020-06-26 07:28:21,57223512
2020-06-26 14:31:02,57228116
2020-06-26 22:42:14,57233298
2020-06-27 06:54:25,57234967
2020-06-27 14:24:37,57239223
2020-06-27 22:05:25,57243088
2020-06-28 06:21:22,57244548
2020-06-28 14:10:40,57247588
2020-06-28 22:40:11,57250282
2020-06-29 07:06:30,57251597
2020-06-29 17:55:13,57259010
2020-06-29 22:39:56,57261973
2020-06-30 06:48:28,57264354
2020-06-30 13:29:31,57268721
2020-06-30 22:26:10,57276508
2020-07-01 07:08:48,57278624
2020-07-01 13:57:04,57282625
2020-07-01 23:54:48,57288852
2020-07-02 07:49:03,57290735
2020-07-02 15:11:27,57295589
2020-07-02 20:37:01,57300054
2020-07-03 05:56:57,57302582
2020-07-03 13:25:42,57307231
2020-07-03 22:11:57,57313671
2020-07-04 08:09:25,57316219
2020-07-04 14:34:06,57320416
2020-07-04 21:27:02,57324157
2020-07-05 06:37:42,57325425
2020-07-05 15:00:17,57328499
2020-07-05 22:28:49,57330627
2020-07-06 06:55:41,57331919
2020-07-06 22:14:55,57341432
2020-07-07 07:57:05,57344419
2020-07-07 15:44:14,57349990
2020-07-07 22:23:58,57354820
2020-07-08 06:27:48,57356864
2020-07-08 13:47:46,57361494
2020-07-08 21:41:52,57367817
2020-07-09 07:04:02,57370129
2020-07-09 15:34:21,57375877
2020-07-09 21:45:14,57380140
2020-07-10 06:52:14,57382500
2020-07-10 16:43:32,57390100
2020-07-10 22:08:41,57393618
2020-07-11 05:58:44,57395696
2020-07-11 13:46:06,57400095
2020-07-11 21:50:52,57404473
2020-07-12 08:14:16,57406700
2020-07-12 15:26:27,57409413
2020-07-12 22:20:57,57411586
2020-07-13 05:23:41,57412620
2020-07-13 13:58:37,57417208
2020-07-13 21:32:24,57422817
2020-07-14 06:02:35,57425334
2020-07-14 15:18:35,57431724
2020-07-14 22:43:05,57436854
2020-07-15 07:08:07,57439056
2020-07-15 15:18:43,57445109
2020-07-15 22:01:25,57450210
2020-07-16 06:17:35,57452174
2020-07-16 13:42:44,57456821
2020-07-16 22:55:41,57463233
2020-07-17 05:23:23,57464812
2020-07-17 13:53:47,57469604
2020-07-17 21:56:55,57474888
2020-07-18 05:26:02,57476690
2020-07-18 13:46:36,57481169
2020-07-18 23:00:17,57485653
2020-07-19 05:25:31,57486722
2020-07-19 13:27:12,57489259
2020-07-19 22:39:16,57492355
2020-07-20 06:47:36,57493658
2020-07-20 13:55:21,57498339
2020-07-20 21:45:01,57503866
2020-07-21 07:01:17,57506740
2020-07-21 14:28:32,57512192
2020-07-21 21:38:17,57518420
2020-07-22 04:38:49,57520589
2020-07-22 12:43:10,57525341
2020-07-22 21:21:48,57533610
2020-07-23 07:48:10,57537143
2020-07-23 14:10:46,57541941
2020-07-23 22:03:05,57548181
2020-07-24 06:30:57,57550676
2020-07-24 14:51:04,57556479
2020-07-24 21:33:20,57561508
2020-07-25 04:44:37,57563631
2020-07-25 14:57:59,57569733
2020-07-25 21:58:04,57573858
2020-07-26 07:31:19,57576179
2020-07-26 15:03:15,57579363
2020-07-26 22:32:24,57582543
2020-07-27 07:35:32,57584455
2020-07-27 15:29:52,57589710
2020-07-27 21:45:48,57594280
2020-07-28 07:23:09,57597718
2020-07-28 14:12:24,57602686
2020-07-28 21:44:15,57609537
2020-07-29 05:51:44,57611991
2020-07-29 15:11:09,57618459
2020-07-29 22:12:25,57624004
2020-07-30 07:32:16,57626848
2020-07-30 14:21:57,57631821
2020-07-30 22:17:17,57638158
2020-07-31 07:39:58,57641309
2020-07-31 14:08:01,57645802
2020-07-31 21:47:43,57651773
2020-08-01 06:27:39,57654594
2020-08-01 15:00:05,57659553
2020-08-01 21:53:38,57663353
2020-08-02 11:07:40,57667346
2020-08-02 18:25:32,57670629
2020-08-03 09:21:22,57674603
2020-08-03 14:38:09,57678297
2020-08-03 21:20:55,57683554
2020-08-04 07:45:38,57687450
2020-08-04 14:38:22,57692861
2020-08-04 22:00:31,57699624
2020-08-05 08:04:12,57702927
2020-08-05 14:37:51,57708349
2020-08-05 22:06:41,57714729
2020-08-06 07:57:10,57717942
2020-08-06 14:36:13,57723101
2020-08-06 21:52:48,57728947
2020-08-07 07:45:23,57732412
2020-08-07 15:15:58,57737919
2020-08-07 22:12:09,57742816
2020-08-08 09:22:08,57746351
2020-08-08 14:44:05,57749927
2020-08-08 18:51:18,57752623
2020-08-09 05:34:54,57756264
2020-08-09 11:03:03,57758234
2020-08-09 21:02:16,57762167
2020-08-10 09:38:44,57765054
2020-08-10 15:25:06,57768906
2020-08-10 21:29:19,57773416
2020-08-11 07:47:15,57777257
2020-08-11 16:02:27,57783531
2020-08-11 22:02:16,57787753
2020-08-12 07:43:30,57790881
2020-08-12 15:05:11,57796879
2020-08-12 22:01:21,57802545
2020-08-13 08:03:54,57805765
2020-08-13 14:39:03,57811176
2020-08-13 21:32:01,57816697
2020-08-14 07:44:56,57820267
2020-08-14 21:32:29,57829313
2020-08-15 09:20:55,57832934
2020-08-15 18:48:48,57838810
2020-08-16 12:25:47,57844640
2020-08-16 18:48:53,57847315
2020-08-17 11:01:12,57852043
2020-08-17 22:10:12,57860715
2020-08-18 07:58:46,57864224
2020-08-18 21:21:52,57875854
2020-08-19 08:02:57,57879880
2020-08-19 22:00:31,57890744
2020-08-20 07:52:15,57893934
2020-08-20 22:03:02,57904684
2020-08-21 07:56:35,57908018
2020-08-21 21:22:39,57917740
2020-08-22 10:16:31,57922788
2020-08-22 18:49:12,57928889
2020-08-23 08:37:31,57933406
2020-08-23 18:50:14,57938182
2020-08-24 08:40:26,57941592
2020-08-24 21:55:49,57951820
2020-08-25 08:56:42,57956316
2020-08-25 21:52:21,57967475
2020-08-26 08:23:29,57971041
2020-08-26 22:54:07,57982389
2020-08-27 07:44:29,57985275
2020-08-27 21:42:41,57995993
2020-08-28 08:26:59,57999483
2020-08-28 22:09:50,58009278
2020-08-29 09:41:45,58013193
2020-08-29 19:18:32,58019688
2020-08-30 22:53:14,58029268
2020-08-31 10:17:02,58032764
2020-08-31 22:25:48,58042452
2020-09-01 09:24:09,58046531
2020-09-01 22:07:54,58057882
2020-09-02 08:53:01,58061954
2020-09-02 21:56:54,58073531
2020-09-03 09:52:51,58078060
2020-09-03 21:42:16,58088315
2020-09-04 08:21:35,58091889
2020-09-04 21:26:18,58101582
2020-09-05 09:21:53,58105666
2020-09-05 20:32:30,58113269
2020-09-06 10:48:41,58117821
2020-09-06 21:57:00,58122427
2020-09-07 11:24:41,58126404
2020-09-08 09:01:46,58136308
2020-09-08 22:21:59,58147955
2020-09-09 22:36:47,58164544
2020-09-10 20:45:07,58178225
2020-09-11 10:03:06,58183313
2020-09-11 22:58:19,58192763
2020-09-12 07:40:21,58195566
2020-09-12 18:51:46,58203015
2020-09-13 09:35:20,58208069
2020-09-13 23:07:11,58213310
2020-09-14 08:01:58,58215249
2020-09-14 22:29:19,58225937
2020-09-16 00:15:12,58242388
2020-10-01 22:56:52,58453469
2020-10-10 10:01:21,58563286
2020-10-13 08:04:40,58596754
2020-10-16 11:20:56,58650678
2020-10-17 19:06:49,58670708
2020-10-22 08:54:38,58729525
2020-10-23 12:15:43,58748099
2020-10-24 08:51:29,58759584
2020-10-25 08:31:29,58771975
2020-10-27 10:02:20,58794259
2020-10-28 13:12:55,58812363
2020-10-29 23:34:26,58837190
2020-10-30 11:36:30,58842060
2020-11-01 09:12:27,58866243
2020-11-02 14:26:04,58878577
2020-11-03 18:25:47,58898470
2020-11-04 21:26:02,58917290
2020-11-05 14:55:36,58926167
2020-11-06 07:43:55,58936046
2020-11-06 22:47:42,58947773
2020-11-07 09:14:45,58951219
2020-11-07 19:18:39,58959555
2020-11-08 08:12:32,58963767
2020-11-08 20:15:59,58969859
2020-11-09 08:04:37,58972590
2020-11-09 18:03:57,58980783
2020-11-10 09:43:06,58988412
2020-11-10 20:19:24,58999520
2020-11-12 11:12:11,59020989
2020-11-12 22:19:55,59031651
2020-11-14 09:15:37,59050792
2020-11-14 20:18:46,59059374
2020-11-15 08:33:00,59063212
2020-11-15 20:17:34,59068768
2020-11-16 09:34:24,59071997
2020-11-16 20:57:41,59082108
2020-11-17 08:37:35,59086795
2020-11-18 12:36:48,59106093
2020-11-18 21:53:11,59115709
2020-11-19 07:43:12,59118846
2020-11-19 20:44:12,59130173
2020-11-20 21:58:44,59146284
2020-11-21 08:11:03,59149563
2020-11-21 19:50:48,59158197
2020-11-22 07:56:00,59162008
2020-11-23 18:21:05,59177906
2020-11-24 17:26:28,59192718
2020-11-25 07:52:46,59200771
2020-11-25 18:10:00,59210047
2020-11-26 10:01:32,59217635
2020-11-27 23:19:03,59240911
2020-11-28 07:52:28,59243055
2020-11-28 19:22:08,59251596
2020-11-29 08:39:30,59255816
2020-11-29 20:22:07,59261374
2020-11-30 10:55:40,59265364
2020-11-30 21:21:48,59273855
2020-12-01 08:43:46,59278212
2020-12-02 08:46:42,59292985
2020-12-03 11:06:06,59309058
2020-12-04 08:39:01,59321964
2020-12-05 09:28:19,59336475
2020-12-06 02:33:33,59347110
2020-12-06 21:24:34,59354028
2020-12-07 08:44:27,59356163
2020-12-08 07:45:27,59368810
2020-12-09 08:01:48,59383380
2020-12-09 18:05:32,59392465
2020-12-10 09:48:32,59399465
2020-12-10 21:14:48,59409579
2020-12-11 11:55:42,59415114
2020-12-12 15:26:02,59431763
2020-12-13 09:31:32,59439811
2020-12-13 21:24:32,59445155
2020-12-14 08:27:30,59447227
2020-12-15 10:30:36,59461499
2020-12-15 21:39:31,59471485
2020-12-16 08:57:23,59475423
2020-12-17 12:42:20,59491604
2020-12-18 10:31:44,59503258
2020-12-19 12:57:00,59518357
2020-12-20 09:43:53,59527419
2020-12-20 22:16:55,59532154
2020-12-21 08:59:23,59534108
2020-12-22 16:38:11,59552931
2020-12-24 10:20:56,59574951
2020-12-25 10:04:29,59585456
2020-12-26 09:53:10,59591241
2020-12-26 21:40:32,59595331
2020-12-27 10:32:27,59597875
2020-12-28 08:51:12,59603165
2020-12-28 22:52:16,59613083
2020-12-29 08:37:40,59615853
2020-12-30 10:31:08,59633762
2020-12-30 23:06:01,59647661
2020-12-31 08:19:12,59650636
2021-01-01 19:14:51,59670713
2021-01-02 11:39:03,59674251
2021-01-03 09:13:15,59681942
2021-01-04 09:20:55,59688927
2021-01-05 10:37:51,59705001
2021-01-06 08:01:24,59721361
2021-01-06 20:40:59,59733368
2021-01-07 12:11:52,59739750
2021-01-08 09:15:58,59753823
2021-01-08 22:38:50,59766091
2021-01-09 09:30:21,59769485
2021-01-09 20:27:46,59778834
2021-01-10 09:59:26,59783200
2021-01-10 20:46:24,59788480
2021-01-11 10:59:23,59792512
2021-01-11 20:50:11,59802022
2021-01-12 06:42:23,59805894
2021-01-12 20:29:02,59819546
2021-01-13 09:26:08,59825159
2021-01-13 22:47:38,59838844
2021-01-14 09:21:18,59842644
2021-01-14 21:07:10,59855723
2021-01-15 06:34:37,59859711
2021-01-15 20:32:43,59871700
2021-01-16 08:38:38,59876472
2021-01-16 22:52:19,59888609
2021-01-17 09:04:57,59891467
2021-01-17 20:42:41,59897393
2021-01-18 07:22:22,59899711
2021-01-18 21:45:20,59910641
2021-01-19 07:20:22,59912893
2021-01-19 20:28:55,59926006
2021-01-20 07:58:19,59932002
2021-01-20 21:12:29,59946151
2021-01-21 08:20:51,59950771
2021-01-21 20:43:29,59963101
2021-01-22 07:14:06,59967203
2021-01-22 20:24:29,59979242
2021-01-23 08:16:29,59983855
2021-01-23 20:38:41,59994770
2021-01-24 08:29:11,59999009
2021-01-26 09:57:03,60025001
2021-01-28 12:16:55,60062017
2021-01-30 13:33:26,60093489
2021-02-01 09:08:27,60111871
2021-02-02 10:56:12,60127896
2021-02-03 12:04:04,60145866
2021-02-04 21:10:38,60172151
2021-02-07 18:08:07,60208314
2021-02-11 08:01:20,60256864
2021-02-13 22:48:02,60299139
2021-02-19 13:36:13,60382809
2021-02-22 10:18:39,60416081
2021-02-26 20:40:05,60492730
2021-03-02 10:35:29,60538922
2021-03-07 08:31:04,60616784
2021-03-10 06:32:56,60654914
2021-03-12 17:37:43,60697006
2021-03-17 08:35:51,60765301
2021-03-20 12:47:32,60822049
2021-03-21 15:03:37,60835439
2021-03-22 09:23:02,60841330
2021-03-23 21:03:57,60869765
2021-03-24 07:42:13,60873505
2021-03-26 10:05:16,60911013
2021-03-27 12:36:21,60929853
2021-03-28 08:03:12,60940378
2021-03-29 15:56:00,60957135
2021-03-30 12:32:52,60969889
2021-03-31 13:45:50,60989433
2021-04-05 06:57:56,61048839
2021-04-09 14:40:16,61119911
2021-04-18 10:17:51,61256291
2021-04-24 13:17:48,61356247
2021-04-29 10:43:24,61424568
2021-05-01 14:03:55,61460067
2021-05-04 07:11:35,61486733
2021-05-11 06:03:02,61595103
2021-05-17 08:43:21,61685863
2021-05-22 12:11:42,61772509
2021-05-23 09:35:16,61782739
2021-05-25 07:06:34,61802074
2021-05-26 08:37:24,61817543
2021-05-28 05:32:19,61849413
2021-06-01 08:52:38,61903765
2021-06-03 08:06:13,61936271
2021-06-04 23:13:03,61961874
2021-06-05 08:44:47,61965183
2021-06-05 14:42:06,61969923
2021-06-05 22:01:37,61974845
2021-06-06 07:29:50,61977364
2021-06-06 14:12:58,61981105
2021-06-06 22:33:26,61984777
2021-06-07 06:57:21,61986595
2021-06-07 12:56:54,61990724
2021-06-07 17:34:57,61995687
2021-06-07 23:38:44,61999872
2021-06-11 07:23:46,62053445
2021-06-14 10:50:36,62091765
2021-06-16 07:22:56,62123387
2021-06-18 09:46:02,62157364
2021-06-20 16:48:13,62186225
2021-06-21 06:56:24,62190193
2021-06-23 06:40:48,62220460
2021-06-24 07:37:01,62235818
2021-06-25 12:10:30,62254428
2021-06-26 06:46:48,62264362
2021-06-27 07:27:31,62276573
2021-06-27 21:31:31,62283001
2021-06-28 05:02:40,62284427
2021-06-28 22:06:14,62297262
2021-06-29 06:26:56,62300427
2021-06-30 07:28:41,62319077
2021-07-01 06:11:01,62335868
2021-07-01 20:50:11,62349111
2021-07-02 06:01:04,62352062
2021-07-03 05:48:51,62366296
2021-07-03 21:55:57,62376189
2021-07-04 06:16:10,62378014
2021-07-04 22:14:25,62384823
2021-07-05 07:26:10,62386626
2021-07-05 22:24:27,62396609
2021-07-06 08:27:29,62399285
2021-07-07 09:45:08,62416921
2021-07-07 21:27:12,62427874
2021-07-08 04:58:57,62430233
2021-07-08 21:15:43,62442148
2021-07-09 07:38:19,62445386
2021-07-09 21:30:41,62455680
2021-07-10 10:17:48,62460277
2021-07-10 21:12:05,62468233
2021-07-11 13:51:36,62473895
2021-07-12 07:10:33,62479416
2021-07-12 22:43:28,62490502
2021-07-13 04:01:53,62492304
2021-07-14 03:50:18,62508554
2021-07-14 20:41:26,62522073
2021-07-15 03:50:49,62524335
2021-07-17 14:44:50,62560243
2021-07-18 06:23:55,62566170
2021-07-19 06:59:48,62574328
2021-07-19 21:24:42,62585673
2021-07-20 07:58:19,62589468
2021-07-21 08:21:50,62605067
2021-07-21 21:21:07,62616420
2021-07-22 05:13:55,62618798
2021-07-22 20:49:48,62631796
2021-07-23 06:41:52,62635150
2021-07-23 20:23:58,62645554
2021-07-24 05:06:16,62648078
2021-07-25 10:06:38,62662034
2021-07-25 21:30:19,62667256
2021-07-26 10:21:36,62671361
2021-07-26 21:13:35,62680255
2021-07-27 07:42:19,62684114
2021-07-27 21:50:37,62697154
2021-07-28 11:11:18,62703601
2021-07-28 20:12:43,62712936
2021-07-29 09:13:47,62718391
2021-07-29 23:33:40,62730450
2021-07-30 07:29:24,62733208
2021-07-31 07:29:58,62747874
2021-07-31 20:17:38,62757172
2021-08-01 07:14:58,62760561
2021-08-01 21:12:42,62766878
2021-08-02 07:41:21,62769185
2021-08-02 22:52:57,62780417
2021-08-03 06:08:35,62783124
2021-08-03 21:59:22,62796244
2021-08-04 07:17:55,62799547
2021-08-04 21:22:46,62812174
2021-08-05 09:44:15,62817104
2021-08-05 20:36:57,62827212
2021-08-06 10:31:29,62833160
2021-08-06 21:24:12,62841646
2021-08-07 08:28:55,62845697
2021-08-07 21:16:20,62854520
2021-08-08 09:46:52,62858332
2021-08-08 22:15:13,62864102
2021-08-09 08:23:38,62866443
2021-08-09 21:54:59,62877152
2021-08-10 05:57:57,62880080
2021-08-10 22:09:59,62894591
2021-08-11 09:17:14,62899357
2021-08-11 21:53:58,62911028
2021-08-12 07:30:41,62914118
2021-08-12 23:54:15,62927178
2021-08-13 10:00:05,62931765
2021-08-13 23:10:08,62942191
2021-08-14 07:13:34,62944689
2021-08-14 21:13:12,62954682
2021-08-15 06:27:09,62957190
2021-08-15 20:54:37,62964421
2021-08-16 06:32:18,62966468
2021-08-16 20:53:01,62978461
2021-08-17 07:15:09,62982828
2021-08-17 20:40:14,62995532
2021-08-18 06:32:10,62999557
2021-08-19 09:48:48,63017127
2021-08-19 22:30:39,63028350
2021-08-20 06:29:00,63030959
2021-08-20 20:59:34,63042354
2021-08-21 07:09:39,63045753
2021-08-21 20:47:18,63055492
2021-08-22 06:04:51,63058003
2021-08-23 07:23:24,63068125
2021-08-23 20:56:13,63079458
2021-08-24 20:43:04,63096171
2021-08-25 06:30:30,63099635
2021-08-25 21:30:54,63113243
2021-08-26 08:19:28,63117287
2021-08-26 23:46:47,63129822
2021-08-27 08:33:00,63132925
2021-08-28 07:24:38,63146837
2021-08-28 23:05:30,63157292
2021-08-29 07:53:29,63159626
2021-08-29 21:35:16,63166079
2021-08-30 08:11:37,63168769
2021-08-31 00:00:20,63181735
2021-08-31 11:15:29,63187627
2021-08-31 22:03:05,63199600
2021-09-01 08:56:56,63203858
2021-09-02 22:47:45,63231841
2021-09-03 21:23:25,63245664
2021-09-04 08:19:09,63249724
2021-09-04 22:14:19,63259510
2021-09-05 09:26:18,63262944
2021-09-05 22:16:47,63268425
2021-09-06 08:29:56,63270944
2021-09-06 22:19:56,63281045
2021-09-07 18:27:12,63293146
2021-09-09 08:03:16,63316602
2021-09-09 23:50:46,63328487
2021-09-10 08:18:40,63331291
2021-09-11 09:25:53,63345936
2021-09-11 21:39:42,63354541
2021-09-12 09:31:53,63358262
2021-09-12 21:52:56,63364414
2021-09-13 07:41:15,63366790
2021-09-13 21:37:30,63378420
2021-09-15 08:05:19,63398421
2021-09-15 22:17:11,63411256
2021-09-16 09:17:50,63415565
2021-09-17 07:53:03,63430895
2021-09-17 21:50:36,63442897
2021-09-18 21:29:05,63455559
2021-09-19 07:49:00,63458229
2021-09-19 22:02:14,63465173
2021-09-20 08:00:19,63467361
2021-09-20 21:29:51,63477357
2021-09-21 21:22:07,63493394
2021-09-22 07:51:30,63497286
2021-09-23 00:02:47,63510407
2021-09-23 12:36:06,63516299
2021-09-23 22:32:36,63525362
2021-09-24 07:56:15,63528377
2021-09-25 09:10:26,63543585
2021-09-26 09:20:29,63554812
2021-09-26 22:27:14,63560722
2021-09-27 08:57:12,63563181
2021-09-27 21:24:54,63573382
2021-09-28 07:54:34,63577272
2021-09-28 22:17:49,63590166
2021-09-29 20:52:29,63605898
2021-09-30 21:24:04,63622233
2021-10-01 07:25:57,63625749
2021-10-03 01:05:21,63651550
2021-10-03 11:57:23,63654828
2021-10-03 21:21:41,63659667
2021-10-04 21:43:45,63673312
2021-10-05 08:38:26,63677273
2021-10-05 21:06:09,63689912
2021-10-06 07:29:35,63693519
2021-10-06 22:17:22,63707377
2021-10-07 11:11:44,63713158
2021-10-07 23:30:34,63725038
2021-10-08 07:59:05,63728304
2021-10-08 23:20:17,63740891
2021-10-09 22:45:41,63753944
2021-10-10 23:00:40,63764432
2021-10-11 21:57:59,63778110
2021-10-13 08:40:35,63800738
2021-10-13 22:14:12,63814674
2021-10-14 20:49:21,63830647
2021-10-15 08:46:31,63835426
2021-10-17 07:52:31,63862669
2021-10-21 11:12:14,63925775
2021-10-23 08:55:54,63956660
2021-10-25 08:40:25,63980191
2021-10-25 22:50:25,63992148
2021-11-03 21:56:29,64125218
2021-11-09 00:05:52,64195832
2021-11-10 16:30:29,64224288
2021-11-13 11:47:38,64267347
2021-11-14 11:43:52,64279496
2021-11-15 21:29:51,64297654
2021-11-17 09:01:54,64317722
2021-11-18 09:20:17,64334411
2021-11-18 23:21:00,64346112
2021-11-20 22:20:54,64373669
2021-11-22 11:06:23,64386767
2021-11-23 20:36:10,64410683
2021-11-25 07:38:31,64432524
2021-11-27 08:46:40,64461957
2021-11-28 10:19:08,64474566
2021-12-01 22:52:28,64528399
2021-12-02 10:49:42,64533300
2021-12-05 10:08:09,64574516
2021-12-07 07:03:40,64596117
2021-12-08 22:15:09,64626857
2021-12-09 15:31:38,64636493
2021-12-11 20:37:51,64669959
2021-12-13 08:43:18,64682379
2021-12-15 19:21:48,64724428
2021-12-17 21:19:54,64757765
2021-12-18 10:08:25,64762199
2021-12-18 23:56:40,64771680
2021-12-19 21:00:54,64779446
2021-12-20 12:34:22,64784006
2021-12-21 21:45:16,64805905
2021-12-22 09:15:39,64809673
2021-12-23 22:19:25,64835783
2021-12-25 22:31:54,64858277
2021-12-26 07:01:02,64859351
2021-12-26 21:13:09,64864081
2021-12-27 04:36:46,64866339
2021-12-27 22:01:17,64876969
2021-12-28 08:59:51,64880772
2021-12-28 20:51:56,64893813
2021-12-29 10:14:10,64899849
2021-12-30 11:30:31,64919954
2021-12-30 21:53:58,64933974
2021-12-31 10:26:53,64939953
2022-01-02 12:27:39,64966176
2022-01-02 22:20:37,64970355
2022-01-03 12:23:20,64974811
2022-01-03 22:07:24,64983208
2022-01-04 08:32:57,64987235
2022-01-04 15:24:04,64993612
2022-01-04 19:47:27,64999162
2022-01-04 19:59:47,64999416
2022-01-04 20:10:48,64999585
2022-01-04 20:17:51,64999683
2022-01-04 20:31:30,64999860
2022-01-04 20:39:11,64999978
2022-01-05 22:27:36,65020052
2022-01-06 13:09:39,65027040
2022-01-07 09:39:14,65039809
2022-01-08 09:33:20,65055936
2022-01-09 11:15:21,65070832
2022-01-09 21:17:45,65076341
2022-01-10 09:06:43,65079508
2022-01-11 08:59:06,65096625
2022-01-11 21:54:25,65111668
2022-01-12 08:18:13,65116379
2022-01-12 19:29:33,65129931
2022-01-14 09:15:39,65157413
2022-01-15 08:23:23,65174766
2022-01-18 13:29:10,65220144
2022-01-21 08:45:49,65271478
2022-01-21 21:42:03,65283500
2022-01-23 10:16:24,65303515
2022-01-26 18:20:39,65359567
2022-01-28 08:17:34,65387790
2022-01-29 09:01:50,65404584
2022-01-30 08:21:08,65419399
2022-02-01 08:44:27,65444800
2022-02-02 08:35:27,65461759
2022-02-03 23:05:31,65492393
2022-02-07 09:41:40,65533795
2022-02-07 21:07:10,65544768
2022-02-09 20:36:56,65583640
2022-02-10 21:01:15,65601648
2022-02-11 09:26:38,65607076
2022-02-14 06:34:21,65641321
2022-02-15 21:47:02,65671654
2022-02-16 07:38:04,65675333
2022-02-19 11:14:34,65727625
2022-02-20 07:24:30,65739347
2022-02-21 11:38:49,65751505
2022-02-23 10:44:45,65784544
2022-02-26 16:05:47,65841827
2022-03-01 21:45:10,65887490
2022-03-02 08:34:35,65891901
2022-03-03 06:42:42,65907748
2022-03-06 12:18:04,65953879
2022-03-08 14:42:09,65979333
2022-03-13 06:17:28,66047656
2022-03-14 08:28:36,66057333
2022-03-16 07:35:03,66087198
2022-03-16 21:34:25,66099157
2022-03-18 10:10:10,66119320
2022-03-20 06:42:05,66145319
2022-03-21 22:02:50,66164720
2022-03-22 07:21:02,66168372
2022-03-23 08:00:45,66185295
2022-03-24 09:55:19,66201943
2022-03-25 22:32:36,66225789
2022-03-26 22:23:38,66237636
2022-03-27 21:44:58,66246043
2022-03-29 06:55:41,66262152
2022-03-30 08:13:44,66278889
2022-03-31 07:58:34,66295013
2022-04-01 22:07:12,66322111
2022-04-02 20:29:56,66334376
2022-04-04 11:02:34,66347912
2022-04-05 06:46:38,66360343
2022-04-06 09:42:16,66377422
2022-04-07 09:38:51,66392553
2022-04-07 21:47:12,66402199
2022-04-08 21:32:02,66415658
2022-04-09 20:29:41,66427418
2022-04-10 18:57:30,66434843
2022-04-11 08:54:19,66437937
2022-04-11 22:18:59,66447158
2022-04-12 08:02:52,66450370
2022-04-12 20:53:31,66461266
2022-04-13 08:12:14,66465372
2022-04-14 07:55:14,66479461
2022-04-15 06:45:40,66493009
2022-04-15 22:43:49,66501579
2022-04-16 11:29:38,66505704
2022-04-16 21:35:54,66511355
2022-04-17 17:51:36,66516710
2022-04-18 20:20:15,66525333
2022-04-19 07:08:45,66528961
2022-04-19 22:18:34,66541145
2022-04-20 07:51:41,66544509
2022-04-20 17:19:40,66554090
2022-04-21 07:01:33,66561596
2022-04-22 06:56:01,66577008
2022-04-22 19:22:33,66587672
2022-04-23 09:58:43,66593790
2022-04-23 22:31:12,66602707
2022-04-24 07:29:35,66604755
2022-04-25 10:19:37,66614364
2022-04-25 19:30:25,66621739
2022-04-26 06:30:54,66625940
2022-04-27 16:39:10,66650832
2022-04-28 07:48:04,66657776
2022-04-29 11:49:33,66673839
2022-04-30 07:38:00,66684536
2022-05-02 08:23:08,66705129
2022-05-03 21:46:57,66727557
2022-05-05 08:52:37,66747248
2022-05-06 06:37:54,66759953
2022-05-07 06:58:19,66773529
2022-05-08 08:41:54,66785510
2022-05-08 21:08:58,66790831
2022-05-09 09:15:42,66793673
2022-05-10 20:52:49,66816398
2022-05-11 09:07:20,66820978
2022-05-11 22:04:37,66832850
2022-05-12 15:33:14,66842154
2022-05-13 20:19:50,66859997
2022-05-15 07:34:46,66874187
2022-05-16 18:37:22,66889706
2022-05-17 07:48:33,66895042
2022-05-18 09:03:03,66911140
2022-05-19 07:16:00,66924593
2022-05-20 07:35:03,66938702
2022-05-21 12:56:21,66954198
2022-05-22 09:50:41,66962053
2022-05-23 09:26:08,66969402
2022-05-23 22:31:03,66978165
2022-05-24 12:49:17,66984468
2022-05-25 12:28:56,66999370
2022-05-26 14:23:54,67014607
2022-05-28 10:04:42,67035429
2022-05-29 08:35:32,67046291
2022-05-31 08:21:42,67066228
2022-06-02 10:36:43,67099088
2022-06-03 19:40:17,67118908
2022-06-04 09:11:33,67123655
2022-06-05 13:06:49,67136458
2022-06-06 07:51:36,67141365
2022-06-07 08:28:57,67153673
2022-06-08 10:29:19,67168137
2022-06-09 11:17:31,67183887
2022-06-10 12:02:01,67198459
2022-06-11 07:37:40,67209493
2022-06-12 06:47:58,67220035
2022-06-13 08:27:57,67228830
2022-06-13 21:05:06,67237906
2022-06-14 09:18:13,67242858
2022-06-15 22:23:52,67268213
2022-06-16 16:11:34,67277038
2022-06-17 15:22:51,67289314
2022-06-19 16:43:54,67311508
2022-06-20 16:00:14,67321251
2022-06-22 22:04:11,67355765
2022-06-25 16:03:39,67388947
2022-06-27 21:28:08,67412415
2022-06-30 12:32:02,67449311
2022-07-02 21:02:21,67483469
2022-07-03 22:47:07,67491798
2022-07-04 21:54:13,67503326
2022-07-07 15:17:23,67542826
2022-07-09 07:03:00,67564007
2022-07-10 07:43:35,67575967
2022-07-14 12:06:11,67631765
2022-07-17 19:13:15,67674441
2022-07-19 21:57:56,67702708
2022-07-23 22:50:29,67759871
2022-07-25 22:19:33,67781494
2022-07-27 19:24:27,67811659
2022-07-30 19:16:24,67853124
2022-08-01 08:15:40,67865705
2022-08-02 20:54:56,67890983
2022-08-03 22:18:31,67907839
2022-08-04 23:44:05,67922300
2022-08-06 08:47:45,67940058
2022-08-07 21:38:31,67957454
2022-08-08 16:54:47,67966298
2022-08-09 14:39:22,67980388
2022-08-10 17:09:11,67998877
2022-08-24 11:28:12,68181096
2022-08-29 11:45:49,68243688
2022-09-04 17:17:29,68333476
2022-09-06 21:36:10,68361298
2022-09-09 20:43:48,68405034
2022-09-20 21:24:27,68542925
2022-09-22 08:07:38,68561965
2022-09-23 23:07:53,68587578
2022-09-26 08:29:05,68610589
2022-09-27 21:26:11,68637180
2022-10-01 10:55:18,68685875
2022-10-02 10:58:37,68697012
2022-10-04 05:47:56,68714065
2022-10-05 05:15:48,68727581
2022-10-06 15:52:40,68751284
2022-10-08 20:45:53,68784394
2022-10-10 20:05:11,68806574
2022-10-12 09:34:53,68830039
2022-10-13 07:36:12,68847696
2022-10-13 19:35:59,68859222
2022-10-14 19:04:10,68875368
2022-10-15 09:14:22,68881965
2022-10-16 22:31:30,68902244
2022-10-18 20:28:51,68933711
2022-10-19 13:17:24,68943552
2022-10-20 07:47:12,68956978
2022-10-20 20:15:20,68968502
2022-10-21 07:22:46,68973168
2022-10-21 20:58:02,68986181
2022-10-22 06:54:44,68989799
2022-10-22 15:59:06,68997156
2022-10-25 06:48:36,69030835
2022-10-29 05:48:27,69097468
2022-11-04 22:34:51,69195124
2022-11-06 23:12:46,69219962
2022-11-09 11:47:49,69256809
2022-11-16 22:04:41,69365408
2022-11-19 07:07:51,69397218
2022-11-23 21:24:22,69458797
2022-11-25 11:32:03,69477083
2022-11-27 22:01:17,69506765
2022-12-01 22:21:10,69564847
2022-12-02 15:25:13,69572953
2022-12-04 11:08:12,69594833
2022-12-05 17:17:23,69608082
2022-12-06 10:40:06,69616508
2022-12-10 20:34:23,69681106
2022-12-11 17:11:22,69687819
2022-12-13 19:11:26,69714511
2022-12-14 21:50:34,69733111
2022-12-15 08:24:18,69736883
2022-12-16 09:15:04,69751493
2022-12-18 08:45:25,69777282
2022-12-19 11:00:26,69786166
2022-12-20 18:01:29,69806218
2022-12-22 10:23:34,69828981
2022-12-23 15:53:15,69848112
2022-12-24 09:23:07,69856118
2022-12-25 00:00:13,69863091
2022-12-25 11:25:38,69865690
2022-12-25 22:03:56,69868535
2022-12-26 07:24:13,69869518
2022-12-26 21:49:08,69874062
2022-12-27 07:50:29,69875734
2022-12-27 20:18:30,69884434
2022-12-28 08:15:23,69888468
2022-12-28 20:11:10,69899522
2022-12-29 08:32:03,69904315
2022-12-29 20:12:35,69915462
2022-12-30 07:54:27,69920127
2022-12-30 19:53:30,69931201
2022-12-31 08:21:13,69936233
2022-12-31 20:14:35,69946081
2023-01-01 08:12:03,69949441
2023-01-01 20:05:08,69953944
2023-01-02 08:35:36,69956748
2023-01-02 20:22:02,69964240
2023-01-03 02:46:03,69966092
2023-01-03 08:43:42,69967632
2023-01-03 11:57:19,69969818
2023-01-03 14:51:05,69972526
2023-01-03 17:55:39,69976068
2023-01-03 20:53:24,69979288
2023-01-04 00:03:05,69981442
2023-01-04 03:27:14,69982746
2023-01-04 06:07:17,69983590
2023-01-04 09:53:11,69985342
2023-01-04 12:23:06,69987690
2023-01-04 14:03:43,69989553
2023-01-04 15:06:45,69990718
2023-01-04 16:02:53,69991917
2023-01-04 17:04:45,69993427
2023-01-04 18:25:41,69995237
2023-01-04 19:18:20,69996229
2023-01-04 19:59:43,69997102
2023-01-04 20:27:44,69997619
2023-01-04 21:07:44,69998274
2023-01-04 21:42:16,69998809
2023-01-04 22:02:38,69999086
2023-01-04 22:23:05,69999329
2023-01-04 22:39:24,69999492
2023-01-04 22:56:35,69999633
2023-01-04 23:11:21,69999744
2023-01-04 23:25:23,69999859
2023-01-04 23:36:57,69999982
2023-01-04 23:39:26,70000025
2023-01-04 23:49:40,70000111
2023-01-05 00:00:23,70000188
2023-01-22 09:11:52,70267974
2023-01-25 20:34:48,70323948
2023-01-26 20:26:23,70339506
2023-01-29 09:10:56,70370584
2023-01-30 09:04:09,70379503
2023-01-31 22:06:22,70408850
2023-02-01 22:22:38,70426015
2023-02-02 21:35:06,70440420
2023-02-03 09:24:18,70444732
2023-02-05 06:41:06,70468604
2023-02-07 19:42:44,70502401
2023-02-09 10:15:22,70527485
2023-02-11 16:41:09,70564907
2023-02-12 21:16:28,70577928
2023-02-15 07:44:14,70611844
2023-02-16 20:29:33,70639444
2023-02-18 13:16:58,70662213
2023-02-20 10:57:48,70681441
2023-02-22 19:38:23,70718449
2023-02-24 06:59:28,70737352
2023-02-25 21:07:45,70763565
2023-02-27 08:19:39,70776146
2023-03-01 06:57:53,70809190
2023-03-02 20:51:27,70838290
2023-03-04 08:09:09,70857328
2023-03-05 20:58:52,70875890
2023-03-07 07:02:03,70892338
2023-03-08 20:19:43,70922316
2023-03-10 07:04:31,70943720
2023-03-11 22:09:01,70970946
2023-03-12 07:36:05,70973454
2023-03-12 20:17:59,70979976
2023-03-13 06:27:13,70982192
2023-03-13 21:53:15,70993042
2023-03-14 08:42:45,70997331
2023-04-02 09:50:33,71269623
2023-04-06 07:56:07,71322336
2023-04-08 20:18:50,71355927
2023-04-11 07:02:08,71374546
2023-04-13 21:53:34,71420111
2023-04-16 09:09:40,71452131
2023-04-18 20:17:51,71486857
2023-04-21 08:04:05,71522447
2023-04-23 19:18:45,71552796
2023-04-26 08:57:45,71586373
2023-04-28 09:24:35,71616941
2023-05-02 21:11:52,71669176
2023-05-05 09:52:36,71705371
2023-05-08 09:23:06,71739567
2023-05-10 14:27:18,71771229
2023-05-13 05:46:21,71808614
2023-05-15 19:47:26,71836181
2023-05-19 10:02:57,71881680
2023-05-21 22:08:57,71910802
2023-05-23 06:49:51,71927001
2023-05-24 20:06:01,71953189
2023-05-25 08:37:53,71957689
2023-05-25 20:12:46,71968288
2023-05-27 08:45:03,71987175
2023-05-28 09:08:18,71998319
2023-06-01 00:00:00,72045521
2023-07-01 00:00:00,72449346
2023-07-27 07:07:39,72779487
2023-08-02 20:40:09,72867136
2023-08-05 06:58:19,72898424
2023-08-07 18:27:17,72926560
2023-08-09 11:41:35,72951044
2023-08-11 22:11:11,72989464
2023-08-12 09:46:54,72993541
2023-08-16 06:37:30,73040027
2023-08-18 11:52:22,73073611
2023-08-22 19:19:02,73130494
2023-08-24 07:03:40,73152447
2023-08-26 16:12:20,73189075
2023-08-28 04:27:54,73203060
2023-08-30 07:49:19,73232800
2023-09-01 21:17:34,73271719
2023-09-04 21:33:09,73302082
2023-09-06 07:16:59,73319435
2023-09-08 09:08:30,73350150
2023-09-10 06:39:38,73372186
2023-09-13 19:58:10,73418606
2023-09-15 07:11:30,73437002
2023-09-17 08:41:47,73463140
2023-09-20 19:42:49,73510347
2023-09-23 19:35:44,73549874
2023-09-25 06:48:26,73562003
2023-09-27 08:20:18,73590227
2023-09-28 08:37:04,73604767
2023-09-30 10:25:38,73632793
2023-10-01 09:51:20,73644606
2023-10-02 12:56:44,73655196
2023-10-04 20:51:44,73686041
2023-10-05 20:56:36,73702284
2023-10-06 07:25:47,73706261
2023-10-07 13:34:34,73727637
2023-10-08 18:30:07,73742408
2023-10-10 07:12:37,73757681
2023-10-11 07:01:41,73776403
2023-10-12 08:36:44,73795907
2023-10-13 06:42:39,73811625
2023-10-14 18:48:32,73837008
2023-10-17 13:59:04,73872308
2023-10-19 06:49:19,73901713
2023-10-20 19:30:17,73929476
2023-10-21 09:51:04,73936091
2023-10-22 08:45:49,73948549
2023-10-22 18:15:54,73953660
2023-10-23 16:37:05,73963550
2023-10-24 06:56:20,73971739
2023-10-24 18:34:53,73982204
2023-10-25 17:06:24,73997562
2023-10-25 19:36:00,74000000
2023-11-05 13:12:00,74148078
2023-11-07 20:01:50,74180308
2023-11-09 07:20:27,74203213
2023-11-11 08:37:40,74232978
2023-11-13 07:07:18,74252851
2023-11-15 18:47:33,74291058
2023-11-18 10:26:33,74327139
2023-11-22 06:35:40,74377126
2023-11-24 06:53:48,74405663
2023-11-27 20:59:00,74449013
2023-11-30 20:05:49,74492297
2023-12-02 10:00:44,74511365
2023-12-03 20:03:52,74527135
2023-12-05 20:40:29,74553298
2023-12-08 08:22:29,74587833
2023-12-10 19:11:10,74618627
2023-12-13 09:46:51,74652307
2023-12-14 21:06:25,74677411
2023-12-15 14:01:41,74685767
2023-12-16 07:53:30,74697014
2023-12-18 06:44:50,74717929
2023-12-19 07:47:55,74731970
2023-12-20 18:35:48,74756909
2023-12-21 21:06:40,74776148
2023-12-22 16:05:26,74787767
2023-12-23 07:42:14,74796668
2023-12-24 10:13:40,74811851
2023-12-25 09:06:43,74818484
2023-12-26 19:48:34,74828885
2023-12-27 16:56:46,74839322
2023-12-28 07:28:20,74845968
2023-12-28 16:57:48,74854314
2023-12-29 06:29:58,74862368
2023-12-30 09:48:52,74881844
2023-12-30 19:40:55,74890960
2023-12-31 07:16:08,74895489
2024-01-01 09:37:21,74904813
2024-01-02 10:55:08,74911998
2024-01-02 19:48:02,74918559
2024-01-03 09:18:16,74924837
2024-01-03 21:01:08,74937285
2024-01-04 14:04:05,74947016
2024-01-05 06:41:42,74957792
2024-01-06 09:28:34,74975213
2024-01-07 07:09:36,74986882
2024-01-08 09:35:01,74996252
2024-01-08 12:41:02,74998085
2024-01-12 13:06:05,75066136
2024-01-16 19:12:50,75123892
2024-01-19 15:10:21,75166819
2024-01-21 08:24:25,75187803
2024-01-25 09:06:33,75243681
2024-01-28 09:14:31,75288277
2024-02-01 20:11:05,75356664
2024-02-03 11:22:56,75378832
2024-02-07 20:13:43,75442898
2024-02-13 19:10:09,75522165
2024-02-16 22:01:38,75569094
2024-02-19 19:54:35,75604088
2024-02-22 20:35:03,75651670
2024-02-24 09:08:59,75671114
2024-02-29 17:40:39,75747338
2024-03-05 20:35:44,75821289
2024-03-07 17:46:43,75850903
2024-03-09 13:15:21,75875791
2024-03-10 08:04:15,75884489
2024-03-12 08:32:10,75907987
2024-03-12 17:07:43,75915543
2024-03-13 07:07:04,75923720
2024-03-13 19:31:05,75933828
2024-03-14 07:04:10,75938898
2024-03-14 18:41:02,75948181
2024-03-15 05:02:50,75953581
2024-03-15 17:29:42,75962430
2024-03-16 09:02:12,75970002
2024-03-18 09:39:38,75991957
2024-03-22 11:10:07,76055527
2024-03-24 08:33:42,76083056
2024-03-25 21:36:59,76101523
2024-03-26 07:12:12,76105223
2024-03-26 20:08:41,76116552
2024-03-27 09:58:22,76123066
2024-03-27 21:03:38,76133654
2024-03-28 07:10:15,76137412
2024-03-28 19:55:00,76147971
2024-03-29 06:05:20,76152043
2024-03-29 20:38:52,76161244
2024-03-30 06:21:16,76164599
2024-03-30 22:02:37,76173558
2024-03-31 07:30:10,76175996
2024-03-31 20:26:35,76181478
2024-04-01 09:49:38,76185023
2024-04-01 20:35:45,76190331
2024-04-02 07:53:09,76194153
2024-04-02 20:24:37,76204249
2024-04-03 07:18:21,76208135
2024-04-03 19:06:22,76219008
2024-04-04 08:48:16,76225145
2024-04-04 20:44:39,76235156
2024-04-05 07:25:04,76238780
2024-04-05 20:44:29,76249440
2024-04-06 07:01:26,76252863
2024-04-06 19:55:13,76261135
2024-04-07 05:31:57,76263886
2024-04-07 19:20:19,76270688
2024-04-08 07:14:59,76273746
2024-04-08 20:07:23,76282250
2024-04-09 08:10:16,76286884
2024-04-09 20:00:42,76297086
2024-04-10 07:34:46,76301898
2024-04-10 20:34:55,76313972
2024-04-11 07:53:22,76318653
2024-04-11 19:46:34,76328847
2024-04-12 11:26:30,76336045
2024-04-12 20:09:29,76343384
2024-04-13 06:53:05,76347269
2024-04-13 19:55:17,76354986
2024-04-14 08:21:49,76358961
2024-04-14 19:45:56,76364278
2024-04-15 07:18:13,76366821
2024-04-15 19:51:58,76375558
2024-04-16 08:14:21,76380366
2024-04-16 20:35:49,76390850
2024-04-17 07:12:05,76394888
2024-04-17 21:00:57,76406284
2024-04-18 07:48:33,76409917
2024-04-18 20:12:35,76420823
2024-04-19 07:32:33,76424858
2024-04-19 20:17:20,76435310
2024-04-20 10:59:46,76441467
2024-04-20 19:47:55,76447094
2024-04-21 06:49:17,76450177
2024-04-21 20:19:59,76456468
2024-04-22 07:36:18,76458804
2024-04-22 19:53:41,76467176
2024-04-23 07:54:48,76472080
2024-04-23 19:44:41,76482392
2024-04-24 07:06:46,76487155
2024-04-24 20:11:42,76499062
2024-04-25 07:21:48,76503468
2024-04-25 19:46:12,76513116
2024-04-26 07:24:15,76517742
2024-04-26 20:30:55,76528002
2024-04-27 07:16:16,76532040
2024-04-27 21:40:32,76541264
2024-04-28 07:25:14,76544034
2024-04-28 19:14:15,76549311
2024-04-29 08:59:56,76552707
2024-04-29 20:08:48,76560202
2024-04-30 06:04:04,76564571
2024-04-30 21:18:01,76578041
2024-05-01 07:48:18,76582407
2024-05-01 19:40:45,76589235
2024-05-02 06:46:46,76592843
2024-05-02 20:02:21,76601715
2024-05-03 07:22:03,76605593
2024-05-03 20:41:59,76616398
2024-05-04 07:33:58,76620249
2024-05-04 20:41:23,76628601
2024-05-05 06:49:59,76631507
2024-05-05 22:40:23,76638390
2024-05-06 09:35:39,76641432
2024-05-06 20:22:00,76649381
2024-05-07 07:12:11,76654257
2024-05-07 19:26:42,76665239
2024-05-08 06:34:23,76670472
2024-05-08 19:57:21,76681587
2024-05-09 06:21:55,76685691
2024-05-09 20:43:22,76694390
2024-05-10 09:55:16,76699284
2024-05-10 21:17:18,76708029
2024-05-11 07:35:11,76711460
2024-05-11 20:22:28,76720217
2024-05-12 10:04:01,76724691
2024-05-12 19:52:03,76729638
2024-05-13 06:47:36,76732284
2024-05-13 21:52:35,76743412
2024-05-14 07:04:07,76747463
2024-05-14 19:41:42,76758619
2024-05-15 10:12:08,76765633
2024-05-15 20:29:48,76776281
2024-05-16 07:40:36,76780750
2024-05-16 21:05:43,76791285
2024-05-17 07:47:21,76795645
2024-05-17 20:22:52,76804879
2024-05-18 08:50:43,76809621
2024-05-18 20:14:13,76816780
2024-05-19 09:01:48,76820645
2024-05-20 08:58:30,76828676
2024-05-20 19:52:04,76834962
2024-05-21 07:07:19,76839264
2024-05-21 19:53:24,76849092
2024-05-22 07:27:35,76853815
2024-05-22 20:39:18,76865001
2024-05-23 07:19:12,76868944
2024-05-23 20:15:20,76879007
2024-05-24 07:29:18,76883750
2024-05-24 20:07:08,76893524
2024-05-25 07:18:34,76897750
2024-05-25 19:53:45,76906403
2024-05-26 07:02:05,76909887
2024-05-26 20:00:52,76916056
2024-05-27 07:33:59,76918759
2024-05-27 20:42:17,76926874
2024-05-28 07:10:54,76929539
2024-05-28 20:01:14,76939340
2024-05-29 20:39:29,76955923
2024-05-30 07:29:42,76960460
2024-05-30 19:48:42,76969246
2024-05-31 07:15:22,76973388
2024-05-31 19:44:59,76983293
2024-06-01 06:41:18,76987638
2024-06-01 19:57:58,76995600
2024-06-02 08:11:58,76999620
2024-06-02 20:12:40,77004908
2024-06-03 08:11:35,77007998
2024-06-03 20:37:27,77016428
2024-06-04 06:58:39,77020639
2024-06-04 21:26:37,77032580
2024-06-05 20:26:47,77046866
2024-06-06 11:38:28,77053523
2024-06-07 11:01:48,77067837
2024-06-07 21:20:12,77075507
2024-06-08 08:56:45,77079850
2024-06-08 20:54:09,77087295
2024-06-09 08:41:35,77090699
2024-06-09 21:01:51,77096149
2024-06-10 07:46:39,77098416
2024-06-10 20:49:33,77105994
2024-06-11 07:05:14,77109787
2024-06-11 20:38:11,77120576
2024-06-12 09:30:10,77125811
2024-06-12 20:38:53,77135402
2024-06-13 07:28:31,77139294
2024-06-13 19:41:42,77148455
2024-06-14 07:16:03,77152677
2024-06-15 19:49:44,77174552
2024-06-16 07:59:35,77178082
2024-06-16 20:23:38,77183922
2024-06-17 07:12:33,77186255
2024-06-17 20:51:54,77195582
2024-06-18 07:26:43,77199637
2024-06-18 21:46:07,77211045
2024-06-19 07:15:47,77214254
2024-06-19 21:16:41,77225251
2024-06-20 07:24:26,77228228
2024-06-21 07:20:46,77241989
2024-06-21 20:28:56,77252073
2024-06-22 08:03:02,77256036
2024-06-23 10:44:44,77267985
2024-06-23 20:23:58,77271955
2024-06-24 20:06:07,77282419
2024-06-25 07:34:31,77287494
2024-06-25 20:25:48,77298553
2024-06-26 07:17:30,77303369
2024-06-26 21:07:09,77314009
2024-06-27 08:57:46,77318744
2024-06-27 20:12:04,77327686
2024-06-28 07:37:51,77332663
2024-06-28 22:51:00,77343805
2024-06-29 10:09:36,77348201
2024-06-29 21:30:19,77355174
2024-06-30 08:53:38,77358812
2024-06-30 19:45:33,77364599
2024-07-01 21:47:50,77376521
2024-07-02 10:36:29,77381649
2024-07-02 20:08:50,77391231
2024-07-03 08:10:41,77396116
2024-07-03 21:20:37,77407031
2024-07-04 13:07:46,77413770
2024-07-04 20:50:36,77420714
2024-07-05 07:42:57,77423906
2024-07-05 20:53:46,77434011
2024-07-06 08:21:31,77438720
2024-07-06 20:43:48,77446938
2024-07-07 07:52:14,77449951
2024-07-07 20:26:48,77455757
2024-07-08 21:30:54,77467975
2024-07-09 07:32:20,77471838
2024-07-10 10:11:28,77489640
2024-07-10 21:11:56,77500175
2024-07-11 12:17:58,77507226
2024-07-11 21:11:20,77515039
2024-07-12 08:23:20,77519538
2024-07-12 21:24:36,77530962
2024-07-13 09:33:06,77535984
2024-07-13 21:00:06,77544014
2024-07-14 09:37:03,77548046
2024-07-14 20:42:04,77553259
2024-07-15 09:27:17,77556585
2024-07-15 20:16:55,77564254
2024-07-16 08:04:12,77569122
2024-07-17 07:43:26,77584828
2024-07-17 20:03:41,77595968
2024-07-18 07:26:54,77600256
2024-07-18 20:35:07,77610794
2024-07-19 07:22:45,77615152
2024-07-19 21:15:59,77625676
2024-07-20 07:56:46,77629523
2024-07-20 20:41:05,77638172
2024-07-21 09:02:02,77642115
2024-07-21 20:14:17,77647575
2024-07-22 11:03:55,77652238
2024-07-22 19:57:54,77659186
2024-07-23 20:08:10,77675272
2024-07-24 07:47:55,77680224
2024-07-24 20:41:54,77691619
2024-07-25 08:25:51,77696372
2024-07-25 20:40:17,77706583
2024-07-26 08:44:16,77711499
2024-07-26 20:38:30,77720961
2024-07-27 09:53:38,77726031
2024-07-27 20:48:12,77733437
2024-07-28 07:36:13,77736317
2024-07-28 20:27:13,77742739
2024-07-29 19:39:41,77753883
2024-07-30 08:46:30,77759442
2024-07-30 21:34:56,77770215
2024-07-31 09:27:59,77775340
2024-07-31 20:06:03,77784747
2024-08-01 09:06:37,77789873
2024-08-01 21:15:37,77799660
2024-08-02 10:37:10,77805591
2024-08-02 22:45:06,77815134
2024-08-03 08:20:21,77818525
2024-08-04 08:33:39,77830391
2024-08-04 20:53:35,77836481
2024-08-05 10:59:37,77841033
2024-08-05 20:11:00,77848268
2024-08-06 21:22:44,77865254
2024-08-07 07:42:19,77869486
2024-08-07 20:45:48,77880801
2024-08-08 08:28:29,77885335
2024-08-08 20:32:34,77895963
2024-08-09 07:16:51,77900503
2024-08-09 20:47:14,77911426
2024-08-10 08:34:55,77915961
2024-08-10 19:46:33,77923630
2024-08-11 06:16:01,77927004
2024-08-11 19:15:18,77933499
2024-08-12 07:08:26,77936491
2024-08-12 20:21:02,77945243
2024-08-13 07:27:11,77949514
2024-08-13 20:59:10,77961563
2024-08-14 07:34:56,77965850
2024-08-14 19:50:02,77976879
2024-08-15 07:47:35,77981961
2024-08-15 19:04:06,77990930
2024-08-16 07:21:44,77996296
2024-08-16 23:06:31,78008343
2024-08-17 09:13:35,78012036
2024-08-17 20:17:04,78019411
2024-08-18 08:59:47,78023593
2024-08-18 20:34:41,78029519
2024-08-19 07:20:01,78032217
2024-08-19 21:01:09,78041578
2024-08-20 08:04:33,78045743
2024-08-20 20:09:05,78056251
2024-08-21 07:34:47,78060740
2024-08-21 20:50:47,78072514
2024-08-22 07:33:25,78076376
2024-08-22 21:44:31,78088587
2024-08-23 08:07:42,78092195
2024-08-23 22:42:28,78103019
2024-08-24 07:20:45,78105772
2024-08-24 19:55:35,78113604
2024-08-25 06:29:14,78116785
2024-08-25 20:28:31,78123262
2024-08-26 09:08:46,78126647
2024-08-26 20:10:12,78134661
2024-08-27 07:31:54,78139377
2024-08-27 21:01:21,78151171
2024-08-28 07:54:55,78155660
2024-08-28 20:06:49,78166779
2024-08-29 13:11:08,78174675
2024-08-30 07:24:42,78185340
2024-08-31 00:14:48,78196145
2024-08-31 09:59:49,78199751
2024-08-31 22:00:47,78207522
2024-09-01 08:22:24,78210369
2024-09-01 20:27:28,78216203
2024-09-02 07:10:22,78218773
2024-09-02 20:03:09,78227114
2024-09-03 07:31:45,78230099
2024-09-03 21:15:28,78241658
2024-09-04 07:20:40,78246216
2024-09-04 20:12:22,78258154
2024-09-05 07:23:42,78262620
2024-09-05 19:58:55,78272785
2024-09-06 06:40:53,78276391
2024-09-06 22:07:18,78287366
2024-09-07 11:35:57,78293090
2024-09-07 20:58:11,78298820
2024-09-08 18:45:07,78307461
2024-09-09 07:27:05,78310525
2024-09-09 20:22:03,78320055
2024-09-10 06:00:32,78324190
2024-09-10 19:49:59,78335158
2024-09-11 07:12:47,78339421
2024-09-11 19:57:56,78349974
2024-09-12 08:11:29,78354413
2024-09-12 20:14:49,78364064
2024-09-13 07:13:09,78368113
2024-09-13 22:49:17,78380490
2024-09-14 10:05:14,78385244
2024-09-14 19:58:25,78392860
2024-09-15 08:07:03,78396799
2024-09-15 19:54:05,78402569
2024-09-16 08:11:12,78405721
2024-09-16 20:30:00,78413997
2024-09-17 07:36:52,78418476
2024-09-17 20:02:03,78429003
2024-09-18 07:27:37,78433948
2024-09-18 20:01:25,78444610
2024-09-19 07:21:26,78449094
2024-09-19 20:28:07,78459033
2024-09-20 09:05:05,78463786
2024-09-20 20:16:37,78472003
2024-09-21 06:08:00,78474884
2024-09-21 20:35:49,78483894
2024-09-22 07:12:40,78486859
2024-09-22 20:10:17,78493238
2024-09-23 11:21:57,78497702
2024-09-23 21:07:38,78504164
2024-09-24 06:36:59,78507903
2024-09-24 21:57:16,78520338
2024-09-25 07:21:49,78524259
2024-09-25 20:23:47,78535954
2024-09-26 07:13:55,78540336
2024-09-26 20:31:57,78551859
2024-09-27 11:25:02,78558903
2024-09-27 21:05:52,78566890
2024-09-28 08:32:34,78571108
2024-09-28 22:33:39,78580052
2024-09-29 06:25:58,78582002
2024-09-29 19:54:42,78588525
2024-09-30 06:29:51,78590936
2024-09-30 20:27:32,78600261
2024-10-01 06:34:26,78604376
2024-10-01 20:00:27,78616980
2024-10-02 07:05:35,78621554
2024-10-02 19:28:34,78631333
2024-10-03 06:34:08,78635233
2024-10-03 19:52:42,78643551
2024-10-04 06:47:11,78646909
2024-10-04 19:27:37,78655573
2024-10-05 08:35:15,78660278
2024-10-05 20:05:08,78669116
2024-10-06 06:07:50,78671850
2024-10-06 20:18:20,78678863
2024-10-07 09:15:37,78682143
2024-10-07 20:04:09,78690606
2024-10-08 08:59:59,78696435
2024-10-08 20:01:39,78708202
2024-10-09 06:54:05,78712987
2024-10-09 19:48:56,78726146
2024-10-10 07:26:34,78731384
2024-10-10 19:54:17,78743563
2024-10-11 08:06:32,78749346
2024-10-11 19:52:19,78760805
2024-10-12 08:58:44,78766552
2024-10-12 19:58:04,78775382
2024-10-13 07:54:42,78779247
2024-10-13 20:25:03,78786234
2024-10-14 08:05:37,78789026
2024-10-14 19:56:15,78797826
2024-10-15 06:20:57,78800739
2024-10-15 20:30:09,78812725
2024-10-16 06:34:26,78817266
2024-10-16 20:03:31,78830754
2024-10-17 06:47:19,78835699
2024-10-17 19:52:03,78847088
2024-10-18 08:02:05,78852219
2024-10-18 20:56:48,78863520
2024-10-19 07:25:01,78867164
2024-10-19 19:47:06,78877140
2024-10-20 07:23:02,78881006
2024-10-20 19:27:21,78887674
2024-10-21 06:10:17,78890731
2024-10-21 19:46:41,78901077
2024-10-22 06:10:28,78905925
2024-10-22 20:09:31,78918823
2024-10-23 06:36:31,78923698
2024-10-23 19:25:07,78936763
2024-10-24 06:24:37,78942035
2024-10-24 19:49:56,78955387
2024-10-25 06:31:02,78960592
2024-10-25 22:21:32,78974533
2024-10-26 07:53:11,78978000
2024-10-26 13:55:58,78983096
2024-10-26 15:12:45,78984308
2024-10-26 16:42:52,78985545
2024-10-26 19:12:14,78987522
2024-10-26 20:19:32,78988222
2024-10-27 06:54:39,78991557
2024-10-27 10:12:06,78993250
2024-10-27 13:40:29,78995376
2024-10-27 14:56:25,78996417
2024-10-27 16:00:00,78997257
2024-10-27 17:27:26,78998363
2024-10-27 21:10:17,79000116
2024-10-28 09:02:02,79003747
2024-10-28 19:58:37,79012387
2024-10-29 06:08:09,79017067
2024-10-29 19:57:13,79029341
2024-10-30 09:29:48,79036324
2024-10-30 21:22:03,79048734
2024-10-31 07:09:09,79052646
2024-10-31 19:50:31,79063967
2024-11-01 06:48:25,79068814
2024-11-01 21:19:47,79080208
2024-11-02 06:31:43,79083218
2024-11-02 20:10:56,79093504
2024-11-03 06:53:31,79096659
2024-11-03 22:59:11,79104545
2024-11-04 06:51:28,79106450
2024-11-04 20:25:23,79115393
2024-11-05 09:39:42,79120983
2024-11-05 19:59:55,79131135
2024-11-06 07:37:10,79135948
2024-11-06 22:02:30,79150184
2024-11-07 07:39:01,79153999
2024-11-07 19:45:03,79164740
2024-11-08 06:29:01,79169067
2024-11-08 20:05:22,79179907
2024-11-09 06:55:41,79184031
2024-11-09 20:05:20,79193991
2024-11-10 07:11:46,79197675
2024-11-10 19:41:40,79204247
2024-11-11 06:28:09,79207129
2024-11-11 21:16:38,79215911
2024-11-12 07:35:16,79218440
2024-11-12 20:05:24,79228853
2024-11-13 06:41:25,79234618
2024-11-13 20:25:37,79249068
2024-11-14 06:48:21,79254145
2024-11-14 19:38:08,79266310
2024-11-15 06:46:41,79271969
2024-11-15 20:47:14,79283643
2024-11-16 08:33:12,79288140
2024-11-16 19:59:07,79296807
2024-11-17 07:32:10,79300901
2024-11-17 19:55:22,79308233
2024-11-18 07:03:41,79311139
2024-11-18 20:00:40,79320886
2024-11-19 06:51:46,79326057
2024-11-19 19:58:15,79337975
2024-11-20 07:02:59,79343034
2024-11-20 20:40:45,79355475
2024-11-21 06:32:39,79359817
2024-11-21 19:53:53,79370187
2024-11-22 07:12:06,79375200
2024-11-22 19:52:20,79385204
2024-11-23 07:45:04,79389824
2024-11-23 19:50:23,79398278
2024-11-24 07:22:24,79402414
2024-11-24 21:19:38,79409656
2024-11-25 07:16:50,79412147
2024-11-25 19:44:34,79420592
2024-11-26 07:03:04,79425454
2024-11-26 21:03:47,79437379
2024-11-27 08:01:25,79441617
2024-11-27 22:03:45,79454353
2024-11-28 06:31:51,79457212
2024-11-28 19:49:22,79467971
2024-11-29 07:02:57,79471997
2024-11-29 20:01:09,79481802
2024-11-30 07:19:41,79485899
2024-11-30 21:04:20,79495866
2024-12-01 07:13:31,79499294
2024-12-01 19:47:24,79506334
2024-12-02 06:41:04,79509289
2024-12-02 19:48:56,79517947
2024-12-03 09:21:04,79523624
2024-12-03 20:24:38,79533969
2024-12-04 07:23:47,79538459
2024-12-04 20:49:31,79550800
2024-12-05 07:02:47,79554726
2024-12-05 19:50:40,79565194
2024-12-06 06:57:15,79569796
2024-12-06 20:00:30,79580279
2024-12-07 09:10:06,79585377
2024-12-07 19:52:15,79592670
2024-12-08 07:32:23,79596183
2024-12-08 19:56:54,79602119
2024-12-09 07:16:38,79604811
2024-12-09 19:42:41,79613468
2024-12-10 06:43:48,79617718
2024-12-10 19:49:52,79628293
2024-12-11 06:51:27,79632864
2024-12-11 22:00:32,79646991
2024-12-12 07:03:17,79650125
2024-12-12 19:51:20,79661062
2024-12-13 06:53:48,79665479
2024-12-13 19:51:17,79676081
2024-12-14 07:23:12,79680611
2024-12-14 22:00:05,79691007
2024-12-15 09:02:38,79694236
2024-12-15 20:06:58,79700502
2024-12-16 07:06:47,79703241
2024-12-16 19:37:20,79711990
2024-12-17 06:54:14,79716821
2024-12-17 22:49:12,79729913
2024-12-18 07:36:01,79733061
2024-12-18 22:41:31,79745978
2024-12-19 08:47:45,79749643
2024-12-19 20:39:12,79760630
2024-12-20 07:07:22,79765204
2024-12-20 21:46:44,79777717
2024-12-21 07:27:59,79780908
2024-12-21 20:26:29,79791040
2024-12-22 07:13:48,79794427
2024-12-22 20:20:56,79801372
2024-12-23 06:55:12,79804056
2024-12-23 23:05:59,79815324
2024-12-24 09:27:38,79819105
2024-12-24 21:04:17,79828380
2024-12-25 07:07:12,79831346
2024-12-25 19:52:06,79837071
2024-12-26 06:52:26,79839153
2024-12-26 20:40:18,79844890
2024-12-27 07:29:01,79848301
2024-12-27 20:25:14,79857634
2024-12-28 07:57:23,79861624
2024-12-28 20:17:25,79872252
2024-12-29 09:08:27,79876341
2024-12-29 21:39:11,79882842
2024-12-30 09:45:06,79886078
2024-12-30 19:52:12,79896371
2024-12-31 08:49:44,79902550
2024-12-31 20:28:42,79915666
2025-01-01 07:55:36,79919649
2025-01-01 21:29:09,79926392
2025-01-02 07:04:29,79928317
2025-01-02 20:03:26,79939800
2025-01-03 10:11:09,79946363
2025-01-03 19:54:46,79958061
2025-01-04 08:25:35,79963579
2025-01-04 20:53:17,79974922
2025-01-05 11:39:08,79980321
2025-01-05 21:03:55,79985694
2025-01-06 08:16:33,79988173
2025-01-06 14:18:44,79992208
2025-01-06 16:41:42,79994255
2025-01-06 18:47:21,79996066
2025-01-06 20:22:55,79997208
2025-01-07 14:36:42,80006739
2025-01-07 22:20:52,80015137
2025-01-08 09:15:46,80019335
2025-01-08 22:28:58,80034300
2025-01-09 08:47:58,80038032
2025-01-09 21:04:51,80050830
2025-01-11 07:48:48,80070731
2025-01-11 21:16:23,80082005
2025-01-12 09:16:41,80085847
2025-01-12 20:05:06,80092434
2025-01-13 07:14:13,80095310
2025-01-13 20:06:34,80104410
2025-01-14 06:47:52,80109666
2025-01-14 20:22:31,80121952
2025-01-15 06:48:03,80126992
2025-01-15 20:12:46,80138956
2025-01-16 07:00:08,80144217
2025-01-16 20:13:11,80155208
2025-01-17 06:32:35,80159695
2025-01-17 20:49:14,80171377
2025-01-18 07:07:03,80175518
2025-01-18 19:53:54,80185573
2025-01-19 08:29:38,80190936
2025-01-19 20:35:18,80197789
2025-01-20 06:51:48,80200424
2025-01-20 19:51:41,80209189
2025-01-21 06:51:22,80212516
2025-01-21 20:03:26,80223160
2025-01-22 06:49:11,80229312
2025-01-22 21:04:45,80242922
2025-01-23 06:58:10,80248120
2025-01-23 21:31:47,80260591
2025-01-24 06:53:21,80264541
2025-01-24 21:25:08,80276252
2025-01-25 07:10:25,80280056
2025-01-25 21:14:33,80290195
2025-01-26 06:58:00,80293365
2025-01-26 22:28:27,80300755
2025-01-27 07:18:51,80302693
2025-01-27 20:57:19,80311576
2025-01-28 07:03:26,80316079
2025-01-28 23:13:44,80327659
2025-01-29 08:17:01,80330810
2025-01-29 20:08:35,80341221
2025-01-30 07:23:28,80345560
2025-01-30 20:05:54,80354811
2025-01-31 07:11:14,80359310
2025-01-31 20:30:13,80370182
2025-02-01 07:48:48,80374545
2025-02-01 20:23:24,80383174
2025-02-02 09:21:19,80387055
2025-02-02 19:57:27,80392364
2025-02-03 06:57:26,80394958
2025-02-03 20:14:31,80403847
2025-02-04 07:29:49,80408935
2025-02-04 20:01:18,80419782
2025-02-05 07:29:54,80425016
2025-02-05 20:05:34,80436202
2025-02-06 06:50:43,80440985
2025-02-06 20:29:39,80451779
2025-02-07 06:51:52,80455655
2025-02-07 19:57:02,80465707
2025-02-08 07:49:46,80470473
2025-02-08 21:03:58,80479910
2025-02-09 08:07:07,80483337
2025-02-09 19:51:42,80489105
2025-02-10 07:56:40,80492131
2025-02-10 20:17:18,80500452
2025-02-11 08:50:35,80506549
2025-02-11 20:51:16,80516016
2025-02-12 06:57:50,80520342
2025-02-12 20:55:53,80533428
2025-02-13 06:58:10,80537525
2025-02-13 19:55:26,80548527
2025-02-14 07:14:36,80553402
2025-02-14 20:23:15,80563839
2025-02-15 10:46:02,80569904
2025-02-15 20:10:01,80577412
2025-02-16 08:24:09,80581337
2025-02-16 19:45:06,80587155
2025-02-17 07:18:41,80590014
2025-02-17 19:41:38,80598564
2025-02-18 07:04:28,80602067
2025-02-18 19:51:59,80612605
2025-02-19 06:58:18,80618377
2025-02-19 20:41:04,80630831
2025-02-20 07:04:26,80635116
2025-02-20 19:46:07,80645647
2025-02-21 06:51:32,80650156
2025-02-21 21:00:26,80661153
2025-02-22 08:59:58,80665880
2025-02-22 19:51:51,80674203
2025-02-23 07:26:30,80678479
2025-02-23 20:26:17,80684953
2025-02-24 07:02:56,80687332
2025-02-24 21:59:22,80697402
2025-02-25 09:52:11,80702664
2025-02-25 20:34:28,80712453
2025-02-26 07:02:40,80716968
2025-02-26 19:56:00,80727684
2025-02-27 07:02:22,80731925
2025-02-27 19:51:12,80741781
2025-02-28 07:08:06,80746183
2025-03-01 08:00:16,80760941
2025-03-01 21:44:44,80769501
2025-03-02 06:47:58,80772020
2025-03-02 20:33:14,80778189
2025-03-03 07:05:39,80780714
2025-03-03 20:09:24,80788766
2025-03-04 07:30:42,80793463
2025-03-04 20:42:21,80804949
2025-03-05 07:08:43,80808904
2025-03-05 19:55:20,80821152
2025-03-06 07:01:22,80825697
2025-03-06 21:11:39,80837751
2025-03-07 07:40:14,80841946
2025-03-07 19:50:15,80851504
2025-03-08 09:55:03,80857783
2025-03-09 07:40:14,80868115
2025-03-09 19:32:46,80873705
2025-03-10 06:53:10,80876812
2025-03-10 22:20:48,80887792
2025-03-11 07:19:50,80891522
2025-03-11 19:56:52,80902917
2025-03-12 06:55:57,80908077
2025-03-12 21:26:37,80920824
2025-03-27 06:07:13,81119063
2025-03-27 20:49:20,81131066
2025-03-28 05:28:12,81134550
2025-03-28 19:16:44,81145041
2025-03-29 20:02:59,81158532
2025-03-30 08:24:12,81162535
2025-03-30 20:11:16,81168761
2025-03-31 06:17:44,81171182
2025-03-31 19:56:28,81180902
2025-04-01 08:25:17,81186167
2025-04-01 19:37:12,81196148
2025-04-02 08:03:11,81201354
2025-04-02 21:04:12,81212706
2025-04-03 19:33:59,81225545
2025-04-04 08:00:48,81230306
2025-04-04 21:04:33,81239671
2025-04-05 19:48:23,81251307
2025-05-01 00:00:00,81573864
2025-05-11 07:00:42,81705139
2025-06-01 00:00:00,81976977
2025-06-04 10:09:57,82018556
2025-07-01 00:00:00,82354584
2025-07-13 07:51:45,82501559
2025-08-01 00:00:00,82738405
2025-08-13 07:35:04,82885746
2025-08-17 23:23:19,82942022
2025-08-18 20:28:25,82952128
2025-08-20 07:29:05,82970415
2025-08-20 19:18:12,82980405
2025-08-21 05:15:58,82983912
2025-08-21 19:35:37,82994890
2025-08-22 05:53:59,82998777
2025-08-22 20:29:10,83009277
2025-08-23 07:07:32,83012885
2025-08-23 20:34:33,83020920
2025-08-24 06:34:31,83023779
2025-08-24 20:32:06,83030148
2025-08-25 05:19:39,83031811
2025-08-25 21:50:26,83041860
2025-08-26 07:16:50,83045283
2025-08-26 20:25:13,83055856
2025-08-27 07:05:40,83059983
2025-08-27 21:20:10,83071768
2025-08-28 07:30:11,83075258
2025-08-28 21:04:27,83086701
2025-08-29 06:46:27,83090292
2025-08-29 20:25:46,83101108
2025-08-30 07:27:33,83105140
2025-08-30 21:23:19,83113824
2025-08-31 06:16:48,83116109
2025-08-31 20:31:17,83123040
2025-09-01 05:03:27,83124844
2025-09-01 20:49:53,83134791
2025-09-02 09:09:04,83138628
2025-09-02 23:11:38,83149541
2025-09-03 06:42:22,83152872
2025-09-03 21:54:17,83165422
2025-09-04 08:37:15,83169829
2025-09-04 21:09:13,83180031
2025-09-05 08:40:36,83184439
2025-09-05 23:03:25,83194322
2025-09-06 09:05:09,83198001
2025-09-06 21:25:29,83205834
2025-09-07 06:16:12,83208136
2025-09-07 20:41:15,83214546
2025-09-08 08:25:47,83217783
2025-09-08 20:36:53,83226487
2025-09-09 07:09:02,83230503
2025-09-09 20:10:22,83240771
2025-09-10 09:35:17,83246490
2025-09-10 21:20:07,83256785
2025-09-11 07:09:53,83259946
2025-09-11 21:07:28,83270248
2025-09-12 06:16:19,83273095
2025-09-12 20:20:46,83283179
2025-09-13 06:06:33,83286398
2025-09-13 19:25:04,83294271
2025-09-14 09:03:03,83298442
2025-09-14 20:42:08,83304125
2025-09-15 06:51:20,83306268
2025-09-15 20:50:23,83314502
2025-09-16 07:11:04,83318034
2025-09-16 19:16:30,83327982
2025-09-17 05:52:49,83331871
2025-09-17 20:01:59,83342806
2025-09-18 06:30:39,83346378
2025-09-18 21:18:31,83357534
2025-09-19 06:37:05,83360462
2025-09-19 21:02:31,83370829
2025-09-20 08:06:01,83374548
2025-09-20 21:06:11,83382637
2025-09-21 12:07:48,83387757
2025-09-21 19:35:27,83391429
2025-09-22 05:20:37,83393876
2025-09-22 22:25:04,83403962
2025-09-23 07:59:00,83406943
2025-09-23 20:49:27,83416848
2025-09-24 06:00:38,83419649
2025-09-24 20:31:09,83432092
2025-09-25 07:35:55,83435900
2025-09-25 20:58:56,83448138
2025-09-26 06:44:38,83451727
2025-09-26 20:34:33,83462991
2025-09-27 05:50:20,83466119
2025-09-27 21:29:17,83475850
2025-09-28 06:21:24,83478019
2025-09-28 20:02:21,83484400
2025-09-29 06:34:54,83487124
2025-09-29 19:59:46,83496640
2025-09-30 06:40:47,83502376
2025-09-30 19:39:20,83515062
2025-10-01 07:37:44,83522811
2025-10-01 21:40:37,83537028
2025-10-02 07:25:04,83540968
2025-10-02 20:13:42,83551345
2025-10-03 07:56:52,83556058
2025-10-03 22:17:15,83565607
2025-10-04 06:51:11,83568153
2025-10-04 20:34:18,83576086
2025-10-05 07:50:19,83578918
2025-10-05 19:56:03,83584248
2025-10-06 08:46:13,83587350
2025-10-06 20:16:22,83595399
2025-10-07 08:57:17,83600367
2025-10-07 20:09:02,83610813
2025-10-08 06:44:07,83614731
2025-10-08 21:48:29,83629290
2025-10-09 07:01:01,83632325
2025-10-09 20:17:49,83645984
2025-10-10 19:33:25,83661583
2025-10-11 07:01:17,83665761
2025-10-11 21:39:18,83676483
2025-10-12 05:23:19,83678498
2025-10-12 19:30:20,83686041
2025-10-13 06:51:57,83688720
2025-10-13 20:43:37,83698580
2025-10-14 07:34:41,83701231
2025-10-14 20:31:18,83713010
2025-10-15 06:06:18,83717125
2025-10-15 20:52:38,83731038
2025-10-16 07:05:31,83734785
2025-10-16 20:55:29,83747853
2025-10-17 09:00:50,83752421
2025-10-17 19:52:29,83762486
2025-10-18 06:16:16,83766030
2025-10-18 19:23:42,83775315
2025-10-19 09:50:54,83780699
2025-10-19 19:11:15,83785994
2025-10-20 07:43:33,83789348
2025-10-20 20:05:28,83799517
2025-10-21 09:01:45,83805800
2025-10-21 21:09:43,83818567
2025-10-22 06:44:19,83822364
2025-10-22 20:40:48,83836562
2025-10-23 08:03:58,83841141
2025-10-23 19:53:48,83853406
2025-10-24 06:51:18,83858400
2025-10-24 22:43:01,83872081
2025-10-25 07:21:37,83874947
2025-10-25 20:05:12,83885389
2025-10-26 06:26:03,83888738
2025-10-26 19:58:42,83896368
2025-10-27 07:26:04,83899842
2025-10-27 20:15:44,83909932
2025-10-28 07:00:39,83915250
2025-10-28 20:45:53,83928026
2025-10-29 07:18:29,83932922
2025-10-29 20:02:10,83944951
2025-10-30 07:43:50,83950307
2025-10-30 20:02:31,83962347
2025-10-31 08:10:12,83968516
2025-10-31 20:48:46,83980513
2025-11-01 06:52:17,83984645
2025-11-01 20:19:27,83994104
2025-11-02 09:11:28,83998944
2025-11-02 20:49:34,84005089
2025-11-03 08:22:25,84008275
2025-11-03 20:19:53,84017059
2025-11-04 06:44:03,84021537
2025-11-04 20:03:04,84032951
2025-11-05 08:35:46,84038759
2025-11-05 20:03:33,84050422
2025-11-06 09:05:28,84056173
2025-11-06 20:24:53,84067173
2025-11-07 08:07:54,84072397
2025-11-07 20:08:53,84082983
2025-11-08 07:50:14,84087561
2025-11-08 19:18:24,84096517
2025-11-09 06:28:22,84100402
2025-11-09 19:47:44,84107646
2025-11-10 07:11:14,84110827
2025-11-10 20:03:31,84120237
2025-11-11 08:10:25,84125101
2025-11-11 22:34:20,84136505
2025-11-12 07:06:36,84139131
2025-11-12 23:11:51,84153027
2025-11-13 08:46:41,84156704
2025-11-13 21:03:55,84167774
2025-11-14 07:30:26,84171981
2025-11-14 21:12:32,84182795
2025-11-15 06:20:05,84185646
2025-11-15 20:46:33,84195634
2025-11-16 08:42:34,84199233
2025-11-16 20:01:33,84205306
2025-11-17 07:41:15,84208337
2025-11-17 20:23:34,84216426
2025-11-18 06:44:58,84220797
2025-11-18 20:28:11,84230226
2025-11-19 09:49:08,84235518
2025-11-19 21:37:53,84245907
2025-11-20 06:38:59,84248591
2025-11-20 21:18:47,84259599
2025-11-21 08:15:31,84263814
2025-11-21 21:22:25,84273989
2025-11-22 06:25:27,84277057
2025-11-22 20:53:27,84286324
2025-11-23 06:51:51,84289544
2025-11-23 20:56:07,84296604
2025-11-24 08:46:49,84299433
2025-11-24 21:37:42,84308761
2025-11-25 11:13:23,84314348
2025-11-25 21:32:54,84323921
2025-11-26 08:52:19,84328082
2025-11-26 20:42:18,84339208
2025-11-27 06:31:59,84342892
2025-11-27 20:29:02,84353110
2025-11-28 06:10:05,84355564
2025-11-28 21:15:29,84365945
2025-11-29 11:01:49,84371717
2025-11-29 20:01:20,84378276
2025-11-30 08:02:07,84382234
2025-11-30 19:57:18,84388306
2025-12-01 09:13:09,84392204
2025-12-01 21:26:18,84400675
2025-12-02 06:24:32,84404492
2025-12-02 21:11:44,84415333
2025-12-03 06:32:40,84418966
2025-12-03 20:31:58,84430334
2025-12-04 08:00:32,84434864
2025-12-04 20:35:51,84445027
2025-12-05 07:09:25,84449250
2025-12-05 21:13:17,84459679
2025-12-06 07:24:49,84463879
2025-12-06 21:44:07,84473085
2025-12-07 09:08:17,84476630
2025-12-07 21:09:25,84482328
2025-12-08 08:46:25,84485594
2025-12-08 20:38:50,84493613
2025-12-09 09:50:54,84499080
2025-12-09 20:45:43,84508538
2025-12-10 07:09:27,84512608
2025-12-10 21:16:01,84524499
2025-12-11 06:57:33,84528006
2025-12-11 20:53:12,84538197
2025-12-12 07:00:05,84541722
2025-12-12 20:31:21,84551447
2025-12-13 09:08:25,84555627
2025-12-13 20:44:33,84563433
2025-12-14 08:21:21,84566602
2025-12-14 20:40:04,84572403
2025-12-15 06:31:29,84574586
2025-12-15 21:51:54,84583622
2025-12-16 08:17:23,84587302
2025-12-16 22:57:41,84597063
2025-12-17 09:10:56,84600523
2025-12-17 20:33:31,84610425
2025-12-18 07:16:01,84614759
2025-12-18 20:58:52,84625536
2025-12-19 07:53:25,84629357
2025-12-19 21:03:53,84639925
2025-12-20 08:04:41,84643472
2025-12-20 20:41:54,84652341
2025-12-21 08:31:28,84655464
2025-12-21 20:51:37,84660905
2025-12-22 08:35:33,84663537
2025-12-22 23:05:22,84672231
2025-12-23 07:13:39,84674598
2025-12-23 21:13:52,84683126
2025-12-24 06:14:22,84685954
2025-12-24 20:47:10,84694309
2025-12-25 06:26:38,84696620
2025-12-25 22:02:40,84701415
2025-12-26 08:55:19,84703143
2025-12-26 22:03:30,84707837
2025-12-27 07:04:06,84710079
2025-12-27 20:17:40,84715614
2025-12-28 07:20:54,84718151
2025-12-28 20:26:21,84722225
2025-12-29 08:38:40,84724754
2025-12-29 20:39:25,84733568
2025-12-30 08:20:09,84737591
2025-12-30 20:40:23,84747483
2025-12-31 06:31:15,84751833
2025-12-31 22:41:59,84763665
2026-01-01 08:27:11,84765715
2026-01-01 20:02:47,84770034
2026-01-02 08:11:14,84772575
2026-01-02 20:34:33,84780014
2026-01-03 08:32:57,84783861
2026-01-03 17:47:24,84790586
2026-01-04 06:05:32,84794728
2026-01-04 22:19:19,84800782
2026-01-05 09:44:36,84803502
2026-01-05 22:21:13,84812838
2026-01-06 12:43:40,84818820
2026-01-06 22:47:53,84826605
2026-01-07 11:04:46,84831405
2026-01-07 23:07:29,84841674
2026-01-08 08:10:21,84844362
2026-01-08 22:08:58,84856028
2026-01-09 09:00:19,84860033
2026-01-09 22:52:13,84872687
2026-01-10 08:13:09,84875572
2026-01-10 21:14:40,84885565
2026-01-11 10:14:28,84889797
2026-01-11 23:10:49,84895664
2026-01-12 11:41:01,84899401
2026-01-12 21:14:10,84907097
2026-01-13 10:15:31,84912459
2026-01-13 21:55:18,84924368
2026-01-14 08:01:22,84928373
2026-01-14 21:45:44,84941701
2026-01-15 09:13:03,84946384
2026-01-15 20:53:48,84957360
2026-01-16 07:46:02,84962241
2026-01-16 22:09:06,84974355
2026-01-17 09:33:12,84979045
2026-01-17 19:53:51,84987849
2026-01-18 09:55:35,84993011
2026-01-19 01:06:00,85000000
2026-01-19 08:02:51,85001771
2026-01-19 21:13:19,85010081
2026-01-20 08:14:22,85013269
2026-01-20 21:43:41,85023957
2026-01-21 09:08:37,85029468
2026-01-21 21:25:39,85041548
2026-01-22 06:41:02,85046233
2026-01-22 22:06:30,85059436
2026-01-23 09:33:11,85064545
2026-01-23 21:57:16,85074892
2026-01-24 06:55:42,85078744
2026-01-24 22:02:36,85089691
2026-01-25 06:41:48,85092708
2026-01-25 21:20:45,85100506
2026-01-26 10:08:03,85104363
2026-01-26 21:00:13,85111263
2026-01-27 08:03:49,85115450
2026-01-27 20:38:44,85125326
2026-01-28 08:06:27,85130039
2026-01-28 20:46:19,85140970
2026-01-29 07:58:31,85145735
2026-01-29 21:44:38,85157095
2026-01-30 08:14:37,85161528
2026-01-30 21:41:13,85173078
2026-01-31 08:40:55,85178231
2026-01-31 21:27:56,85189236
2026-02-01 11:41:53,85195524
2026-02-01 20:55:02,85200748
2026-02-02 07:19:00,85203743
2026-02-02 20:48:40,85212492
2026-02-03 07:19:42,85217735
2026-02-03 22:37:59,85230093
2026-02-04 10:48:57,85235503
2026-02-04 21:17:27,85246028
2026-02-05 07:45:14,85250547
2026-02-05 20:49:25,85262646
2026-02-06 07:34:45,85267165
2026-02-06 20:25:54,85278262
2026-02-07 06:50:11,85282707
2026-02-07 20:26:26,85294248
2026-02-08 07:42:58,85298169
2026-02-08 20:31:17,85305281
2026-02-09 08:17:52,85308410
2026-02-09 20:39:17,85317761
2026-02-10 06:12:52,85322567
2026-02-10 22:21:47,85336228
2026-02-11 11:12:56,85342416
2026-02-11 20:56:36,85353966
2026-02-12 09:12:19,85359709
2026-02-12 20:06:04,85371392
2026-02-13 07:25:47,85377029
2026-02-13 21:14:39,85389214
2026-02-14 17:03:16,85401357
2026-02-15 06:39:53,85407533
2026-02-15 20:30:01,85414962
2026-02-16 06:28:48,85417510
2026-02-16 20:18:05,85426159
2026-02-17 07:28:33,85429300
2026-02-17 20:41:05,85440150
2026-02-18 06:09:01,85444392
2026-02-18 22:02:41,85458141
2026-02-19 06:49:20,85461235
2026-02-19 21:54:59,85473347
2026-02-20 06:38:20,85475780
2026-02-20 20:49:07,85486664
2026-02-21 10:26:33,85492170
2026-02-21 21:36:00,85501003
2026-02-22 07:02:19,85503926
2026-02-22 21:41:19,85511216
2026-02-23 08:10:25,85513756
2026-02-23 21:25:52,85523423
2026-02-24 06:26:25,85527311
2026-02-24 20:41:05,85538968
2026-02-25 06:58:08,85543680
2026-02-25 20:56:32,85556395
2026-02-26 07:20:26,85560497
2026-02-26 20:54:38,85572386
2026-02-27 06:29:58,85576389
2026-02-27 22:02:38,85589275
2026-02-28 07:31:34,85592689
2026-02-28 20:45:26,85603675
2026-03-01 07:10:01,85607645
2026-03-01 21:36:30,85615978
2026-03-02 06:46:16,85618290
2026-03-02 21:13:05,85628778
2026-03-03 06:39:08,85633443
2026-03-03 20:09:07,85645525
2026-03-04 06:50:09,85650644
2026-03-04 21:36:13,85664992
2026-03-05 08:06:19,85669254
2026-03-05 22:59:18,85682498
2026-03-06 06:26:37,85685555
2026-03-06 21:25:31,85697265
2026-03-07 10:04:21,85702785
2026-03-07 21:02:19,85711491
2026-03-08 08:20:57,85715429
2026-03-08 22:13:00,85722278
2026-03-09 06:42:36,85724159
2026-03-09 23:01:35,85734787
2026-03-10 07:31:56,85737913
2026-03-10 20:49:20,85749120
2026-03-11 06:47:35,85753110
2026-03-11 22:33:03,85766363
2026-03-12 08:20:14,85769761
2026-03-12 21:11:30,85781218
2026-03-13 07:29:02,85785315
2026-03-13 21:51:02,85797607
2026-03-14 12:59:02,85805258
2026-03-14 21:51:23,85813087
2026-03-15 07:14:20,85816417
2026-03-15 20:23:31,85823870
2026-03-16 08:42:01,85827596
2026-03-16 21:16:02,85836667
2026-03-17 09:05:15,85841326
2026-03-17 20:52:14,85853049
2026-03-18 06:15:43,85857055
2026-03-18 20:27:51,85870607
2026-03-19 08:23:21,85875718
2026-03-19 21:30:54,85887689
2026-03-20 10:07:06,85893197
2026-03-20 20:23:30,85902345
2026-03-21 09:44:02,85908216
2026-03-21 21:56:12,85917049
2026-03-22 07:34:45,85920146
2026-03-22 21:36:54,85927324
2026-03-23 07:42:26,85929861
2026-03-23 21:42:41,85939978
2026-03-24 09:54:05,85944633
2026-03-24 20:43:13,85954991
2026-03-25 07:18:06,85959205
2026-03-25 21:47:56,85972049
2026-03-26 07:42:02,85975474
2026-03-26 20:50:37,85986706
2026-03-27 06:52:38,85990289
2026-03-27 21:33:30,86002462
2026-03-28 06:42:20,86005337
2026-03-28 21:28:22,86016065
2026-03-29 07:14:12,86018758
2026-03-29 20:43:41,86025693
2026-03-30 07:09:19,86028039
2026-03-30 22:37:44,86038715
2026-03-31 09:50:01,86043376
2026-04-01 00:00:00,86054757
2026-04-01 07:03:07,86056945
2026-04-01 20:26:15,86068659
2026-04-02 20:23:36,86083280
2026-04-03 07:17:03,86087167
2026-04-03 19:56:54,86094929
2026-04-04 07:15:07,86097971
2026-04-04 20:05:58,86105432
2026-04-05 07:10:43,86107939
2026-04-05 20:52:33,86112371
2026-04-06 06:21:51,86113855
2026-04-06 21:18:03,86120047
2026-04-07 06:37:39,86123101
2026-04-07 20:12:40,86132779
2026-04-08 09:48:03,86137917
2026-04-08 20:11:54,86147981
2026-04-09 06:59:37,86151668
2026-04-09 20:17:58,86162955
2026-04-10 06:24:48,86167008
2026-04-10 20:53:25,86179262
2026-04-11 06:13:55,86182696
2026-04-11 19:35:20,86192360
2026-04-12 10:05:21,86198005
2026-04-12 21:13:31,86203862
2026-04-13 07:30:30,86206117
2026-04-13 20:16:47,86214856
2026-04-14 07:16:54,86219524
2026-04-14 19:56:59,86230215
2026-04-15 07:00:50,86234971
2026-04-15 20:35:20,86246991
2026-04-16 06:59:24,86251116
2026-04-16 22:18:27,86262977
2026-04-17 06:51:31,86266217
2026-04-17 20:35:32,86276735
2026-04-18 07:04:21,86280941
2026-04-18 20:52:05,86290956
2026-04-19 11:19:50,86296383
2026-04-19 20:47:29,86301181
2026-04-20 07:20:43,86303854
2026-04-20 21:35:37,86313844
2026-04-21 10:24:23,86319717
2026-04-21 20:26:33,86329256
2026-04-22 07:42:44,86333900
2026-04-22 20:33:27,86345420
2026-04-23 08:19:13,86349931
2026-04-23 21:22:12,86360430
2026-04-24 07:10:11,86363991
2026-04-24 20:29:44,86374495
2026-04-25 07:48:48,86378782
2026-04-25 20:28:18,86388003
2026-04-26 06:48:03,86391114
2026-04-26 21:23:55,86398044
2026-04-27 07:12:58,86400385
2026-04-27 20:48:56,86409518
2026-04-28 06:48:13,86413754
2026-04-28 20:39:21,86424402
2026-04-29 08:38:35,86429387
2026-04-29 21:25:42,86440177
2026-04-30 08:32:09,86444357
2026-04-30 20:26:54,86454328
2026-05-01 06:37:33,86458619
2026-05-01 20:24:47,86466690
2026-05-02 06:45:50,86469753
2026-05-02 20:46:45,86478054
2026-05-03 07:53:40,86481124
2026-05-03 22:27:46,86487170
2026-05-04 07:25:19,86489195
2026-05-04 21:20:46,86498936
2026-05-05 08:15:35,86503066
2026-05-05 22:05:26,86515413
2026-05-06 07:50:58,86519125
2026-05-06 20:59:52,86530826
2026-05-07 08:11:02,86535330
2026-05-07 21:07:10,86547164
2026-05-08 08:46:17,86552271
2026-05-09 20:06:49,86573714
2026-05-10 09:07:18,86578161
2026-05-10 22:13:15,86583978
2026-05-11 09:21:12,86587483
2026-05-11 21:00:15,86596424
2026-05-12 09:31:22,86602659
2026-05-12 20:22:12,86613139
2026-05-13 09:47:20,86619898
2026-05-13 21:24:56,86631832
2026-05-14 21:29:42,86646144
2026-05-15 06:51:24,86650033
2026-05-15 20:58:03,86661121
2026-05-16 09:11:05,86666108
2026-05-16 23:37:22,86676920
2026-05-17 07:36:10,86679620
2026-05-17 20:14:20,86686828
2026-05-18 08:08:41,86690142
2026-05-18 21:58:12,86701581
2026-05-19 08:13:41,86706307
2026-05-19 21:12:27,86718928
2026-05-20 08:22:46,86723987
2026-05-20 21:17:41,86736508
2026-05-21 09:23:02,86741644
2026-05-21 23:30:36,86753228
2026-05-22 08:25:33,86757152
2026-05-22 20:36:21,86766824
2026-05-23 12:01:37,86773904
2026-05-23 22:00:25,86781218
2026-05-24 08:08:48,86784176
2026-05-24 20:53:20,86790529
2026-05-25 08:36:31,86793447
2026-05-25 21:36:59,86800238
2026-05-26 09:31:09,86803827
2026-05-26 20:46:33,86813222
2026-05-27 08:30:30,86818912
2026-05-27 20:46:40,86830573
2026-05-28 23:58:36,86848236
2026-05-29 08:18:43,86851455
2026-05-29 22:15:43,86862853
2026-05-30 06:56:27,86866145
2026-05-30 21:35:04,86876163
2026-05-31 06:50:16,86879055
2026-05-31 20:33:31,86886758
2026-06-01 08:27:18,86890143
2026-06-01 21:09:23,86899516
2026-06-02 07:14:28,86904021
2026-06-02 21:36:03,86915904
2026-06-03 22:49:25,86931581
2026-06-04 06:33:58,86934019
2026-06-04 22:12:41,86944274
2026-06-05 10:54:09,86949000
2026-06-05 20:38:16,86956417
2026-06-06 09:42:54,86961155
2026-06-06 20:15:06,86968426
2026-06-07 20:13:51,86978020
2026-06-08 09:44:52,86981696
2026-06-08 20:35:29,86989736
2026-06-09 07:07:29,86993842
2026-06-09 15:02:00,87000000
2026-06-10 07:16:33,87009281
2026-06-10 20:42:02,87020747
2026-06-11 08:18:11,87024896
2026-06-12 08:55:08,87041429
2026-06-12 21:14:46,87051439
2026-06-13 09:06:43,87055966
2026-06-13 21:08:35,87063977
2026-06-14 08:21:49,87067809
2026-06-14 20:39:55,87074004
2026-06-15 06:40:12,87076078
2026-06-15 06:41:23,87076082
2026-06-15 08:34:59,87076940
2026-06-15 20:53:50,87085914
2026-06-16 23:47:35,87102771
2026-06-16 23:55:13,87102826
2026-06-17 11:05:52,87107933
2026-06-17 20:10:11,87116817
2026-06-18 10:27:16,87123425
2026-06-18 20:23:24,87132696
2026-06-19 10:45:22,87139530
2026-06-19 19:47:14,87146247
2026-06-20 09:25:21,87150827
2026-06-20 19:22:47,87156792
2026-06-21 09:57:02,87162325
2026-06-21 19:27:04,87167092
2026-06-22 12:13:28,87173061
2026-06-22 20:44:10,87179986
2026-06-23 09:51:31,87185764
2026-06-23 20:00:33,87194592
2026-06-24 09:39:17,87200786
2026-06-24 19:43:24,87209095
2026-06-25 09:30:59,87214835
2026-06-25 19:57:15,87223825
2026-06-26 09:35:47,87229860
2026-06-26 19:44:01,87237557
2026-06-27 08:42:32,87242784
2026-06-27 19:17:31,87249355
2026-06-28 09:17:39,87254535
2026-06-28 19:16:18,87259379
2026-06-29 11:09:14,87264145
2026-06-29 19:54:01,87270898
2026-06-30 09:47:47,87277359
2026-06-30 19:52:13,87286678
2026-07-01 09:57:37,87293808
2026-07-01 19:51:02,87302958
2026-07-02 09:20:24,87308882
2026-07-02 19:21:06,87317426
2026-07-03 09:26:01,87323434
2026-07-03 19:17:41,87331408
2026-07-04 08:43:35,87336898
2026-07-04 19:08:14,87343850
2026-07-05 16:38:16,87351335
2026-07-05 19:14:04,87352465
